-50.23968706,72.2550469,137.8300018,10,1,-0.01812
-50.09663556,72.09982702,138.1399994,10,1,-0.01812
-49.95358406,71.94460714,138.6000061,10,1,-0.01812
-49.82006933,71.78938721,138.9600067,10,1,-0.01812
-49.67701783,71.62308014,139.1600037,10,1,-0.01812
-49.53396633,71.42351152,139.0200043,10,1,-0.01812
-49.37184129,71.21285581,138.5099945,10,1,-0.01812
-49.20017949,70.98002577,137.6999969,10,1,-0.02005
-48.99990739,70.75828305,137.0800018,10,1,-0.02142
-48.76148822,70.5365405,136.8399963,10,1,-0.02213
-48.50399552,70.29262366,136.7100067,10,1,-0.02257
-48.26557635,70.03761955,136.2799988,10,1,-0.02296
-48.13206162,69.87131242,135.9299927,10,1,-0.02353
-47.99854688,69.71609247,135.4900055,10,1,-0.02439
-47.73151742,69.43891411,134.8600006,10,1,-0.0255
-47.56939238,69.28369428,134.6399994,10,1,-0.02669
-47.41680412,69.12847441,134.4199982,10,1,-0.02765
-47.13070111,68.85129612,134.0099945,10,1,-0.02804
-46.95903931,68.67390197,133.6600037,10,1,-0.02759
-46.80645105,68.5075949,133.3500061,10,1,-0.0262
-46.64432601,68.36346224,133.2100067,10,1,-0.02403
-46.44405391,68.19715539,133.1799927,10,1,-0.02147
-46.25331857,68.04193567,133.2200012,10,1,-0.01901
-46.05304647,67.88671598,133.1499939,10,1,-0.01709
-45.89092144,67.73149613,132.9600067,10,1,-0.01594
-45.69064934,67.53192771,132.6000061,10,1,-0.01546
-45.51898754,67.36562071,132.1499939,10,1,-0.01526
-45.33778897,67.18822657,131.7100067,10,1,-0.01488
-45.16612717,67.02191956,131.3800049,10,1,-0.0139
-44.97539184,66.85561263,131.2299957,10,1,-0.01218
-44.77511974,66.70039293,131.3300018,10,1,-0.00983
-44.54623733,66.52299897,131.4900055,10,1,-0.00717
-44.30781817,66.33451787,131.6199951,10,1,-0.00455
-44.05986223,66.12386244,131.6100006,10,1,-0.0023
-43.79283276,65.90211989,131.5599976,10,1,-0.00062
-43.53534006,65.66929012,131.4199982,10,1,0.00039
-43.26831059,65.43646038,131.2899933,10,1,0.00075
-43.01081789,65.2036306,131.0700073,10,1,0.00051
-42.74378842,64.97080085,130.8699951,10,1,-0.00025
-42.46722219,64.74905831,130.7700043,10,1,-0.00144
-42.24787655,64.57166427,130.6300049,10,1,-0.00297
-42.01899415,64.37209589,130.4199982,10,1,-0.00476
-41.79011175,64.16144033,130.1999969,10,1,-0.00667
-41.53261905,63.93969769,129.9600067,10,1,-0.00855
-41.31327342,63.75121645,129.7100067,10,1,-0.01022
-41.07485425,63.55164809,129.5500031,10,1,-0.0115
-40.83643508,63.34099254,129.4299927,10,1,-0.01221
-40.56940561,63.1303371,129.3699951,10,1,-0.01224
-40.35959675,62.95294299,129.2899933,10,1,-0.01159
-40.13071434,62.77554893,129.2799988,10,1,-0.01033
-39.88275841,62.58706777,129.3000031,10,1,-0.00863
-39.65387601,62.40967371,129.3699951,10,1,-0.00673
-39.45360391,62.2544539,129.4700012,10,1,-0.00485
-39.21518474,62.06597269,129.4900055,10,1,-0.00319
-38.95769204,61.85531717,129.3800049,10,1,-0.0019
-38.72880963,61.66683591,129.1300049,10,1,-0.00105
-38.509464,61.50052897,128.8999939,10,1,-0.00066
-38.27104483,61.31204773,128.6699982,10,1,-0.00074
-38.01355213,61.10139219,128.4700012,10,1,-0.00124
-37.77513296,60.91291094,128.3500061,10,1,-0.00214
-37.5653241,60.74660395,128.2599945,10,1,-0.00335
-37.3078314,60.55812276,128.1799927,10,1,-0.00474
-37.06941223,60.3696415,128.0299988,10,1,-0.0061
-36.84052983,60.17007301,127.9400024,10,1,-0.00721
-36.63072096,59.99267882,127.9100037,10,1,-0.00784
-36.37322826,59.78202324,127.8199997,10,1,-0.00781
-36.12527232,59.59354199,127.7200012,10,1,-0.00702
-35.87731639,59.41614791,127.6399994,10,1,-0.00553
-35.62936045,59.23875383,127.6399994,10,1,-0.00351
-35.39094129,59.06135971,127.6999969,10,1,-0.00123
-35.14298535,58.8950528,127.7900009,10,1,0.00103
-34.91410295,58.71765864,127.8499985,10,1,0.00301
-34.68522055,58.52917729,127.9100037,10,1,0.00456
-34.45633815,58.34069593,128.0599976,10,1,0.00568
-34.20838221,58.15221464,128.2899933,10,1,0.00648
-33.96996305,57.97482048,128.5399933,10,1,0.00714
-33.73154388,57.79742633,128.6000061,10,1,0.00789
-33.50266148,57.60894495,128.6399994,10,1,0.00887
-33.28331584,57.42046354,128.6399994,10,1,0.01013
-33.04489667,57.24306937,128.7799988,10,1,0.0116
-32.80647751,57.06567519,128.9400024,10,1,0.01307
-32.57759511,56.88828098,129.1100006,10,1,0.01431
-32.3487127,56.72197395,129.25,10,1,0.01505
-32.1198303,56.52240536,129.3099976,10,1,0.01511
-31.9195582,56.35609823,129.4199982,10,1,0.01443
-31.70021257,56.1565296,129.5500031,10,1,0.01309
-31.47133016,55.96804819,129.6699982,10,1,0.0113
-31.22337423,55.74630527,129.7799988,10,1,0.00935
-31.02310213,55.57999812,129.9600067,10,1,0.00754
-30.79421973,55.39151669,130.1699982,10,1,0.00615
-30.57487409,55.19194805,130.3000031,10,1,0.00536
-30.33645493,54.98129226,130.4900055,10,1,0.0052
-30.13618282,54.80389792,130.6699982,10,1,0.00559
-29.89776366,54.61541649,130.8899994,10,1,0.00633
-29.64027096,54.39367357,131.0800018,10,1,0.00714
-29.41138856,54.20519211,131.4100037,10,1,0.00771
-29.20157969,54.02779777,131.6000061,10,1,0.00777
-28.97269729,53.82822911,131.6499939,10,1,0.00712
-28.71520459,53.5843118,131.5700073,10,1,0.00571
-28.48632218,53.38474314,131.4799957,10,1,0.00363
-28.28605008,53.19626157,131.3500061,10,1,0.00114
-28.06670445,52.98560569,131.2400055,10,1,-0.00142
-27.82828528,52.77494986,131.1900024,10,1,-0.00362
-27.60893964,52.57538115,131.2100067,10,1,-0.00503
-27.40866754,52.39798675,131.3099976,10,1,-0.00534
-27.15117484,52.16515658,131.4799957,10,1,-0.00435
-26.92229244,51.96558789,131.7700043,10,1,-0.00206
-26.68387327,51.75493202,132.0700073,10,1,0.00136
-26.46452764,51.58862484,132.3999939,10,1,0.00555
-26.19749817,51.36688186,132.7799988,10,1,0.01006
-25.959079,51.16731316,133.1199951,10,1,0.01438
-25.72065984,50.96774446,133.2899933,10,1,0.018
-25.52038773,50.77926285,133.3899994,10,1,0.02053
-25.2724318,50.55751979,133.5299988,10,1,0.02173
-25.0435494,50.34686387,133.6399994,10,1,0.02154
-24.814667,50.12512076,133.7299957,10,1,0.0201
-24.5857846,49.90337765,133.8200073,10,1,0.01773
-24.36643896,49.68163451,133.8300018,10,1,0.01485
-24.13755656,49.4488042,133.8999939,10,1,0.01192
-23.90867416,49.2159739,134.0700073,10,1,0.00935
-23.68932852,48.97205638,134.2599945,10,1,0.00745
-23.46044612,48.75031324,134.6499939,10,1,0.00641
-23.23156372,48.5285701,135.0500031,10,1,0.00622
-22.99314455,48.31791415,135.3699951,10,1,0.00676
-22.76426215,48.08508382,135.6100006,10,1,0.00776
-22.53537975,47.85225348,135.7400055,10,1,0.00889
-22.30649735,47.63051032,135.8500061,10,1,0.00984
-22.06807818,47.38659281,135.9400024,10,1,0.01035
-21.87734285,47.18702392,136.0700073,10,1,0.01032
-21.65799721,46.95419354,136.2599945,10,1,0.00974
-21.42911481,46.72136318,136.3899994,10,1,0.00877
-21.18115888,46.46635849,136.4100037,10,1,0.0076
-20.99996031,46.2446152,136.3399963,10,1,0.00647
-20.78061468,46.01178481,136.3699951,10,1,0.00555
-20.55173227,45.75678006,136.5599976,10,1,0.00491
-20.29423957,45.49068818,136.8200073,10,1,0.00454
-20.08443071,45.28003212,137.1100006,10,1,0.00437
-19.85554831,45.0582889,137.4400024,10,1,0.00429
-19.60759237,44.80328417,137.6699982,10,1,0.0042
-19.3977835,44.55936655,137.7200012,10,1,0.00406
-19.1975114,44.32653609,137.6799927,10,1,0.00389
-18.97816577,44.06044411,137.6499939,10,1,0.00373
-18.72067306,43.78326501,137.7400055,10,1,0.00364
-18.4822539,43.5504346,137.8999939,10,1,0.00365
-18.27244503,43.32869132,138.0599976,10,1,0.00374
-18.03402586,43.07368654,138.2700043,10,1,0.00384
-17.77653316,42.78542023,138.4199982,10,1,0.00388
-17.54765076,42.53041542,138.4100037,10,1,0.00376
-17.30923159,42.27541062,138.3099976,10,1,0.00344
-17.09942272,42.04258014,138.1600037,10,1,0.00293
-16.84193002,41.74322663,138.1300049,10,1,0.00228
-16.61304762,41.47713462,138.1699982,10,1,0.00158
-16.37462845,41.21104261,138.1999969,10,1,0.00092
-16.15528282,40.97821212,138.2100067,10,1,0.00039
-15.89779012,40.68994577,138.25,10,1,0.0001
-15.64983418,40.42385377,138.2599945,10,1,-0.00015
-15.41141501,40.15776175,138.2100067,10,1,-0.00016
-15.18253261,39.88058252,138.0700073,10,1,0.0001
-14.93457668,39.6144905,138.0500031,10,1,0.0002
-14.67708398,39.34839849,138.1799927,10,1,0.0005
-14.43866481,39.07121926,138.2899933,10,1,0.00081
-14.19070887,38.80512722,138.4199982,10,1,0.00107
-13.96182647,38.52794797,138.4600067,10,1,0.00121
-13.71387054,38.26185592,138.4700012,10,1,0.00113
-13.46591461,37.98467669,138.4299927,10,1,0.00073
-13.21795867,37.71858463,138.4100037,10,1,0.0001
-12.96046597,37.44140539,138.4199982,10,1,-0.00127
-12.7220468,37.16422613,138.4700012,10,1,-0.00285
-12.45501733,36.85378534,138.5,10,1,-0.00467
-12.22613493,36.59878042,138.4299927,10,1,-0.00652
-11.978179,36.31051397,138.2400055,10,1,-0.00817
-11.73975983,36.03333468,138.0399933,10,1,-0.0094
-11.48226713,35.73398104,137.8600006,10,1,-0.01007
-11.26292149,35.50115045,137.7299957,10,1,-0.01015
-11.00542879,35.23505835,137.7299957,10,1,-0.00976
-10.73839932,34.98005344,137.8000031,10,1,-0.00911
-10.45229632,34.70287417,137.7299957,10,1,-0.00849
-10.21387715,34.45895639,137.5500031,10,1,-0.00818
-9.975457986,34.19286425,137.1999969,10,1,-0.00836
-9.708428516,33.89351058,136.7799988,10,1,-0.00915
-9.470009352,33.62741843,136.2899933,10,1,-0.01053
-9.241126949,33.40567499,135.9299927,10,1,-0.01239
-8.993171013,33.15067001,135.5099945,10,1,-0.01457
-8.71660478,32.86240351,135.0599976,10,1,-0.01691
-8.459112079,32.60739853,134.5200043,10,1,-0.0193
-8.22069291,32.37456789,134,10,1,-0.02162
-7.963200207,32.1195629,133.4799957,10,1,-0.02384
-7.677097207,31.84238356,132.9499969,10,1,-0.02592
-7.410067738,31.59846574,132.3800049,10,1,-0.02786
-7.181185338,31.37672226,131.8399963,10,1,-0.02965
-6.923692638,31.13280442,131.2200012,10,1,-0.03131
-6.628052868,30.8888866,130.5599976,10,1,-0.03287
-6.361023402,30.66714313,129.9600067,10,1,-0.03439
-6.132140999,30.46757398,129.3699951,10,1,-0.03592
-5.836501229,30.23474333,128.6900024,10,1,-0.03749
-5.569471762,30.02408701,127.8199997,10,1,-0.03912
-5.292905529,29.81343069,126.9599991,10,1,-0.04077
-5.05448636,29.62494871,126.1399994,10,1,-0.04238
-4.749309826,29.38103085,125.1699982,10,1,-0.04385
-4.472743593,29.18146169,124.1299973,10,1,-0.04512
-4.18664059,28.99297972,123.1500015,10,1,-0.04617
-3.89100082,28.80449773,122.1600037,10,1,-0.04702
-3.595361051,28.62710293,121.1699982,10,1,-0.0477
-3.290184518,28.43862093,120.2099991,10,1,-0.04829
-2.985007982,28.26122611,119.2099991,10,1,-0.0488
-2.641684379,28.06165692,118.1800003,10,1,-0.04924
-2.355581378,27.90643644,117.0899963,10,1,-0.04956
-2.040868078,27.72904159,116.0100021,10,1,-0.04969
-1.726154776,27.5738211,115,10,1,-0.04957
-1.36375764,27.39642624,114.0100021,10,1,-0.04922
-1.058581106,27.27446727,113.0599976,10,1,-0.04869
-0.724794272,27.14142112,112.1399994,10,1,-0.04809
-0.391007434,27.00837495,111.1999969,10,1,-0.04758
-0.019073534,26.86424159,110.1299973,10,1,-0.04729
0.286103,26.75336977,109.2900009,10,1,-0.04733
0.629426603,26.63141075,108.3399963,10,1,-0.04769
0.972750205,26.50945172,107.3499985,10,1,-0.04834
1.344684108,26.38749268,106.2399979,10,1,-0.04915
1.649860642,26.28770799,105.3399963,10,1,-0.05003
1.993184244,26.19901048,104.3600006,10,1,-0.05089
2.365118145,26.11031295,103.3499985,10,1,-0.0517
2.708441747,26.03270259,102.25,10,1,-0.0525
3.023155048,25.96617941,101.3799973,10,1,-0.05334
3.376015417,25.89965621,100.4000015,10,1,-0.05431
3.757486086,25.83313299,99.30999756,10,1,-0.05541
4.110346454,25.77769695,98.05999756,10,1,-0.05661
4.425059756,25.72226091,97.02999878,10,1,-0.05784
4.806530425,25.66682484,95.94999695,10,1,-0.05899
5.149854028,25.62247595,94.70999908,10,1,-0.05997
5.502714395,25.61138859,93.25,10,1,-0.06072
5.807890931,25.61138842,92.04000092,10,1,-0.06125
6.189361598,25.61138821,90.62999725,10,1,-0.06159
6.542221967,25.60030081,89.01000214,10,1,-0.06178
6.904619104,25.5892134,87.56999969,10,1,-0.06184
7.219332404,25.60030037,86.25,10,1,-0.06176
7.61033984,25.62247446,84.75,10,1,-0.06149
7.963200209,25.64464857,83.13999939,10,1,-0.06101
8.325597343,25.67790983,81.83000183,10,1,-0.06032
8.659384179,25.72225829,80.90000153,10,1,-0.05951
8.993171015,25.78878111,79.83999634,10,1,-0.05871
9.336494615,25.8553039,78.81999969,10,1,-0.05809
9.679818215,25.93291386,77.72000122,10,1,-0.0578
10.03267859,25.98834945,76.62999725,10,1,-0.05791
10.37600219,26.05487221,75.23000336,10,1,-0.05842
10.71932579,26.13248214,73.97000122,10,1,-0.05918
11.04357586,26.22117926,72.75,10,1,-0.06002
11.40597299,26.32096351,71.59999847,10,1,-0.06072
11.69207599,26.42074784,70.5,10,1,-0.06113
12.01632606,26.5316193,69.41999817,10,1,-0.06118
12.3215026,26.64249076,68.30999756,10,1,-0.0609
12.65528943,26.78662374,67.08999634,10,1,-0.06038
12.94139243,26.89749521,66.05000305,10,1,-0.05976
13.24656897,27.03054102,64.83999634,10,1,-0.05913
13.57081904,27.18576115,63.70000076,10,1,-0.05851
13.87599557,27.31880694,62.43999863,10,1,-0.05785
14.14302504,27.45185277,61.49000168,10,1,-0.05706
14.44820157,27.59598573,60.47000122,10,1,-0.05601
14.76291488,27.78446739,59.52999878,10,1,-0.05466
15.04901788,27.95077472,58.47000122,10,1,-0.05304
15.29697381,28.10599491,57.68999863,10,1,-0.05125
15.61168711,28.30556372,56.84999847,10,1,-0.0495
15.89779012,28.49404539,55.88999939,10,1,-0.04795
16.14574605,28.67143993,55.00999832,10,1,-0.04677
16.43184905,28.87100877,53.95000076,10,1,-0.04602
16.74656235,29.08166473,52.88999939,10,1,-0.04564
17.03266536,29.28123355,51.77999878,10,1,-0.04548
17.29015806,29.46971523,50.95000076,10,1,-0.04533
17.56672429,29.68037123,50.11999893,10,1,-0.04495
17.84329053,29.93537596,49.47999954,10,1,-0.04417
18.11031999,30.15711915,48.75,10,1,-0.04287
18.34873916,30.35668801,48.18000031,10,1,-0.04107
18.64437893,30.6006055,47.56000137,10,1,-0.03889
18.89233487,30.84452307,46.91999817,10,1,-0.03654
19.12121727,31.09952784,46.36000061,10,1,-0.03427
19.3691732,31.35453258,45.74000168,10,1,-0.03232
19.6266659,31.59845011,45.18999863,10,1,-0.03087
19.8841586,31.83128046,44.38999939,10,1,-0.03003
20.13211454,32.08628517,43.68999863,10,1,-0.02981
20.36099694,32.34128992,42.97999954,10,1,-0.03013
20.59941611,32.59629465,42.29000092,10,1,-0.03085
20.82829851,32.84021221,41.43999863,10,1,-0.03179
21.05718091,33.07304258,40.68999863,10,1,-0.03274
21.29560008,33.35022166,40,10,1,-0.03353
21.48633541,33.5830521,39.38999939,10,1,-0.03401
21.68660751,33.83805688,38.88000107,10,1,-0.03407
21.90595315,34.1041488,38.36999893,10,1,-0.03365
22.11576202,34.35915355,37.86999893,10,1,-0.03276
22.33510765,34.61415828,37.18000031,10,1,-0.03147
22.53537975,34.88025022,36.56999969,10,1,-0.02994
22.71657832,35.14634221,36.09000015,10,1,-0.02836
22.90731365,35.43460853,35.68999863,10,1,-0.02698
23.07897545,35.66743899,35.20999908,10,1,-0.02603
23.26017402,35.94461814,34.66999817,10,1,-0.02566
23.46044612,36.21071007,33.99000168,10,1,-0.02593
23.67025499,36.51006352,33.25,10,1,-0.02675
23.84191679,36.75398115,32.61000061,10,1,-0.02791
24.03265213,37.03116027,31.92000008,10,1,-0.02911
24.21385069,37.29725223,31.29999924,10,1,-0.03002
24.40458603,37.60769289,30.67000008,10,1,-0.0304
24.5571743,37.85161055,30.22999954,10,1,-0.03011
24.7288361,38.13987688,29.76000023,10,1,-0.02918
24.89096113,38.42814324,29.28000069,10,1,-0.02775
25.0721597,38.7496711,28.79000092,10,1,-0.02608
25.2152112,39.01576313,28.34000015,10,1,-0.02444
25.36779947,39.31511669,27.89999962,10,1,-0.02302
25.53946127,39.64773174,27.45999908,10,1,-0.02194
25.72065983,39.94708522,26.93000031,10,1,-0.02119
25.86371133,40.21317725,26.60000038,10,1,-0.02065
26.03537314,40.51253074,26.26000023,10,1,-0.02017
26.19749817,40.84514581,25.95999908,10,1,-0.01963
26.34054967,41.15558656,25.60000038,10,1,-0.01893
26.47406441,41.43276578,25.28000069,10,1,-0.01809
26.62665267,41.7432065,24.93000031,10,1,-0.0172
26.78877771,42.09799593,24.52000046,10,1,-0.01638
26.93182921,42.41952385,24.19000053,10,1,-0.01576
27.06534394,42.70779025,23.95999908,10,1,-0.01539
27.22746898,43.06257966,23.73999977,10,1,-0.01526
27.38005724,43.38410756,23.45999908,10,1,-0.01527
27.52310874,43.70563547,23.17000008,10,1,-0.01526
27.65662348,43.99390186,22.95000076,10,1,-0.01507
27.81874851,44.34869127,22.77000046,10,1,-0.01455
27.95226325,44.67021921,22.76000023,10,1,-0.01365
28.07624121,45.00283435,22.77000046,10,1,-0.01239
28.19068242,45.30218797,22.80999947,10,1,-0.01087
28.32419715,45.65697744,22.80999947,10,1,-0.00925
28.45771188,45.98959255,22.70999908,10,1,-0.00768
28.59122662,46.31112048,22.54000092,10,1,-0.00629
28.72474135,46.63264841,22.29999924,10,1,-0.00517
28.85825609,46.95417633,22.06999969,10,1,-0.00433
28.97269728,47.27570431,21.95000076,10,1,-0.00377
29.09667525,47.58614507,21.81999969,10,1,-0.00345
29.22065322,47.89658584,21.70999908,10,1,-0.00332
29.34463119,48.21811378,21.51000023,10,1,-0.00337
29.46860915,48.52855455,21.36000061,10,1,-0.00358
29.58305036,48.83899533,21.20999908,10,1,-0.00398
29.70702832,49.14943609,21.04999924,10,1,-0.00455
29.82146952,49.44878969,20.87999916,10,1,-0.00529
29.94544749,49.75923045,20.68000031,10,1,-0.00616
30.07896222,50.10293272,20.5,10,1,-0.0071
30.18386666,50.39119917,20.26000023,10,1,-0.00803
30.30784462,50.70163992,20.04999924,10,1,-0.00886
30.43182259,51.02316786,19.86000061,10,1,-0.00953
30.54626379,51.34469582,19.73999977,10,1,-0.01002
30.67024176,51.67731093,19.61000061,10,1,-0.01031
30.78468296,51.99883889,19.5,10,1,-0.01043
30.89912416,52.32036684,19.37000084,10,1,-0.01043
31.01356536,52.65298198,19.20000076,10,1,-0.01035
31.11846979,52.97450996,19.01000023,10,1,-0.01021
31.232911,53.3071251,18.79999924,10,1,-0.01
31.36642573,53.66191454,18.54999924,10,1,-0.0097
31.47133016,53.98344252,18.29999924,10,1,-0.00925
31.58577137,54.31605765,18.12999916,10,1,-0.0086
31.68113903,54.6154113,18.06999969,10,1,-0.00775
31.79558023,54.99237516,18.02000046,10,1,-0.00673
31.91002143,55.33607747,18,10,1,-0.00563
32.01492587,55.67977981,17.97999954,10,1,-0.00462
32.11029354,55.97913345,17.92000008,10,1,-0.00389
32.22473474,56.3560973,17.78000069,10,1,-0.00362
32.32963917,56.68871246,17.56999969,10,1,-0.00396
32.42500684,57.02132764,17.34000015,10,1,-0.00493
32.53944804,57.35394277,17.06999969,10,1,-0.00644
32.64435247,57.6976451,16.70000076,10,1,-0.00824
32.75879367,58.03026022,16.34000015,10,1,-0.00999
32.88277164,58.37396249,16.03000069,10,1,-0.01129
32.98767607,58.69549046,15.89000034,10,1,-0.01178
33.10211727,59.08354149,15.85999966,10,1,-0.01124
33.19748494,59.42724385,16.02000046,10,1,-0.00964
33.28331584,59.77094624,16.20999908,10,1,-0.00717
33.36914674,60.11464863,16.38999939,10,1,-0.00423
33.45497764,60.45835102,16.65999985,10,1,-0.00134
33.53127177,60.80205344,16.85000038,10,1,0.00094
33.62663944,61.16793016,16.95000076,10,1,0.00217
33.72200711,61.5227197,16.88999939,10,1,0.00213
33.82691154,61.8775092,16.67000008,10,1,0.00081
33.95088951,62.24338583,16.25,10,1,-0.00151
34.06533071,62.58708812,15.78999996,10,1,-0.00439
34.18930868,62.93079038,15.40999985,10,1,-0.00729
34.29421311,63.26340552,15.06000042,10,1,-0.0097
34.38004401,63.6071079,14.92000008,10,1,-0.01128
34.47541168,63.9840718,14.92000008,10,1,-0.01188
34.54216905,64.30559988,14.92000008,10,1,-0.01159
34.62799995,64.64930226,14.89000034,10,1,-0.01066
34.71383085,65.01517901,14.80000019,10,1,-0.00941
34.81873528,65.41431724,14.64999962,10,1,-0.00814
34.89502942,65.74693247,14.47999954,10,1,-0.00706
34.98086032,66.10172203,14.14999962,10,1,-0.00624
35.07622798,66.45651155,13.82999992,10,1,-0.00564
35.18113242,66.83347542,13.56000042,10,1,-0.00517
35.26696332,67.15500343,13.47999954,10,1,-0.00472
35.34325745,67.49870584,13.48999977,10,1,-0.00425
35.41001482,67.84240828,13.5,10,1,-0.00378
35.48630895,68.23045941,13.44999981,10,1,-0.00341
35.55306632,68.5409003,13.36999989,10,1,-0.00328
35.64843399,68.88460265,13.14999962,10,1,-0.00349
35.73426489,69.2393922,12.93999958,10,1,-0.00405
35.82963256,69.63853046,12.72000027,10,1,-0.00491
35.89638992,69.96005853,12.56000042,10,1,-0.0059
35.98222082,70.3037609,12.39000034,10,1,-0.0068
36.07758849,70.68072479,12.17000008,10,1,-0.00741
36.17295616,71.02442713,11.97000027,10,1,-0.0076
36.23017676,71.32378087,11.92000008,10,1,-0.00735
36.29693412,71.71183203,11.96000004,10,1,-0.00676
36.35415473,72.0555345,12.06000042,10,1,-0.00601
36.42091209,72.41032412,12.07999992,10,1,-0.00531
36.49720623,72.7651137,12.02000046,10,1,-0.00482
36.57350036,73.10881611,11.88000011,10,1,-0.00463
36.64979449,73.46360569,11.69999981,10,1,-0.00468
36.73562539,73.80730806,11.53999996,10,1,-0.00483
36.80238276,74.11774894,11.43999958,10,1,-0.00489
36.87867689,74.49471289,11.44999981,10,1,-0.00467
36.93589749,74.83841536,11.56999969,10,1,-0.0041
37.00265486,75.18211779,11.64999962,10,1,-0.00318
37.06941223,75.52582022,11.72999954,10,1,-0.00206
37.12663283,75.86952269,11.75,10,1,-0.00098
37.18385343,76.22431234,11.73999977,10,1,-0.00018
37.25061079,76.56801477,11.63000011,10,1,0.00013
37.31736816,76.92280439,11.48999977,10,1,-0.00015
37.3936623,77.2554196,11.28999996,10,1,-0.00097
37.46041966,77.58803485,11.02999973,10,1,-0.00217
37.5367138,77.90956288,10.78999996,10,1,-0.00347
37.60347116,78.24217813,10.71000004,10,1,-0.00458
37.67022853,78.57479338,10.68000031,10,1,-0.00525
37.7369859,78.90740862,10.67000008,10,1,-0.00533
37.7942065,79.2400239,10.77999973,10,1,-0.00482
37.84189033,79.57263922,10.86999989,10,1,-0.00384
37.88957416,79.90525453,10.86999989,10,1,-0.00263
37.94679477,80.23786982,10.80000019,10,1,-0.00148
38.0230889,80.60374658,10.68000031,10,1,-0.00065
38.0803095,80.89201312,10.52999973,10,1,-0.00035
38.1375301,81.20245404,10.35000038,10,1,-0.00068
38.18521393,81.51289499,10.15999985,10,1,-0.00159
38.2519713,81.85659742,10.02999973,10,1,-0.00294
38.29965513,82.144864,9.93999958,10,1,-0.00449
38.37594927,82.45530484,9.789999962,10,1,-0.00593
38.44270663,82.79900727,9.710000038,10,1,-0.007
38.49992724,83.12053537,9.670000076,10,1,-0.0075
38.54761107,83.39771477,9.81000042,10,1,-0.00731
38.5952949,83.70815571,9.960000038,10,1,-0.00645
38.63344197,84.05185825,10.07999992,10,1,-0.00505
38.6811258,84.35121201,10.01000023,10,1,-0.00332
38.71927287,84.62839145,9.81000042,10,1,-0.00157
38.78603024,84.92774514,9.56000042,10,1,-0.00012
38.84325084,85.26036042,9.43999958,10,1,0.00078
38.8813979,85.54862703,9.369999886,10,1,0.00092
38.91954497,85.81471929,9.319999695,10,1,0.00027
38.9672288,86.1473346,9.31000042,10,1,-0.00108
39.01491264,86.44668836,9.25,10,1,-0.00286
39.08167,86.74604206,9.170000076,10,1,-0.00471
39.13889061,87.02322142,9.010000229,10,1,-0.00623
39.21518474,87.35583663,8.840000153,10,1,-0.00706
39.25333181,87.64410324,8.770000458,10,1,-0.00702
39.29147887,87.94345704,8.670000076,10,1,-0.00611
39.32008917,88.20954932,8.659999847,10,1,-0.00457
39.34869947,88.50890316,8.739999771,10,1,-0.0028
39.39638331,88.83043129,8.659999847,10,1,-0.00129
39.43453037,89.1186979,8.609999657,10,1,-0.00044
39.48221421,89.41805167,8.489999771,10,1,-0.00051
39.52989804,89.72849261,8.380000114,10,1,-0.00151
39.58711864,90.02784634,8.260000229,10,1,-0.00323
39.64433924,90.33828725,8.050000191,10,1,-0.00529
39.69202308,90.63764102,7.909999847,10,1,-0.00725
39.74924368,90.93699474,7.739999771,10,1,-0.0087
39.79692751,91.22526132,7.650000095,10,1,-0.00939
39.82553781,91.52461516,7.71999979,10,1,-0.00921
39.85414811,91.83505617,7.829999924,10,1,-0.00826
39.88275841,92.13441001,7.920000076,10,1,-0.00674
39.92090548,92.43376381,7.909999847,10,1,-0.00493
39.95905254,92.7331176,7.829999924,10,1,-0.00311
40.01627314,93.06573288,7.679999828,10,1,-0.00147
40.05442021,93.33182513,7.650000095,10,1,-0.00015
40.09256728,93.63117893,7.610000134,10,1,0.00082
40.12117758,93.91944558,7.659999847,10,1,0.00146
40.14978788,94.25206096,7.699999809,10,1,0.00183
40.18793495,94.51815321,7.710000038,10,1,0.00201
40.23561878,94.80641979,7.619999886,10,1,0.00207
40.28330261,95.10577356,7.489999771,10,1,0.00206
40.33098645,95.44947605,7.420000076,10,1,0.00203
40.35959674,95.72665552,7.5,10,1,0.00201
40.39774381,96.01492213,7.650000095,10,1,0.00202
40.43589088,96.32536312,7.840000153,10,1,0.00206
40.47403795,96.61362973,8.069999695,10,1,0.00216
40.51218501,96.86863479,8.140000343,10,1,0.00233
40.55033208,97.16798859,8.130000114,10,1,0.00258
40.59801591,97.50060391,8.029999733,10,1,0.00293
40.64569975,97.78887048,7.960000038,10,1,0.00333
40.68384681,98.05496273,8.010000229,10,1,0.00369
40.72199388,98.33214216,8.130000114,10,1,0.0039
40.75060418,98.62040882,8.229999542,10,1,0.00383
40.78875125,98.91976261,8.300000191,10,1,0.00336
40.81736155,99.1858549,8.319999695,10,1,0.00248
40.87458215,99.49629581,8.239999771,10,1,0.00125
40.92226598,99.79564957,8.109999657,10,1,-0.00019
40.97948658,100.0839161,7.940000057,10,1,-0.00166
41.02717041,100.3500083,7.849999905,10,1,-0.00296
41.07485425,100.6826236,7.829999924,10,1,-0.00395
41.11300131,100.9819774,7.860000134,10,1,-0.00458
41.14161161,101.3145928,7.949999809,10,1,-0.00483
41.17022191,101.5806851,8.029999733,10,1,-0.00474
41.21790575,101.8689517,8.039999962,10,1,-0.00436
41.26558958,102.1683054,7.989999771,10,1,-0.00374
41.31327342,102.4676592,7.880000114,10,1,-0.00288
41.35142048,102.7781002,7.829999924,10,1,-0.00182
41.39910432,103.0885411,7.739999771,10,1,-0.00058
41.43725138,103.3989821,7.78000021,10,1,0.00075
41.47539845,103.7426846,7.880000114,10,1,0.00206
41.49447198,104.0198641,7.989999771,10,1,0.0032
41.53261905,104.3303051,8.050000191,10,1,0.00404
41.58983965,104.6518332,8.090000153,10,1,0.00452
41.63752348,105.0066229,8.100000381,10,1,0.00462
41.67567055,105.2838023,8.069999695,10,1,0.00443
41.72335438,105.6053304,8.029999733,10,1,0.00411
41.78057498,105.9157713,8.010000229,10,1,0.0038
41.83779559,106.2594738,8.119999886,10,1,0.00366
41.87594265,106.5477404,8.350000381,10,1,0.00378
41.90455295,106.8581814,8.590000153,10,1,0.00415
41.94270002,107.1575352,8.789999962,10,1,0.00474
41.99038385,107.4901505,8.970000267,10,1,0.00543
42.02853092,107.7562428,9.020000458,10,1,0.00611
42.08575152,108.0555965,9.029999733,10,1,0.00666
42.14297212,108.3882118,9.039999962,10,1,0.00701
42.19065595,108.6653912,9.140000343,10,1,0.00709
42.23833979,108.9758321,9.350000381,10,1,0.00689
42.27648685,109.3084475,9.579999924,10,1,0.00644
42.31463392,109.6188884,9.770000458,10,1,0.0058
42.36231776,109.8960678,9.819999695,10,1,0.0051
42.42907512,110.1954215,9.840000153,10,1,0.00451
42.50536926,110.5280367,9.909999847,10,1,0.0042
42.56258986,110.8384776,10.11999989,10,1,0.00435
42.60073692,111.115657,10.38000011,10,1,0.00504
42.64842076,111.4482724,10.73999977,10,1,0.00629
42.68656782,111.7587133,11.18000031,10,1,0.00801
42.74378842,112.0691542,11.5,10,1,0.01001
42.79147226,112.3463336,11.73999977,10,1,0.01203
42.85822963,112.690036,11.93000031,10,1,0.01378
42.91545022,113.0004769,12.10000038,10,1,0.01501
42.97267083,113.3441794,12.19999981,10,1,0.0155
43.02989142,113.5991844,12.25,10,1,0.01511
43.09664879,113.9317996,12.32999992,10,1,0.01383
43.16340616,114.2422405,12.42000008,10,1,0.01177
43.23016353,114.5859429,12.48999977,10,1,0.00919
43.29692089,114.8631222,12.47999954,10,1,0.00644
43.38275179,115.1624758,12.44999981,10,1,0.00394
43.45904593,115.4618294,12.47000027,10,1,0.00212
43.53534006,115.8055318,12.56000042,10,1,0.00128
43.60209743,116.0937983,12.68999958,10,1,0.00156
43.6688548,116.4042392,12.88000011,10,1,0.00291
43.7260754,116.7257672,13.13000011,10,1,0.00505
43.783296,117.0472953,13.43999958,10,1,0.00762
43.8405166,117.3688234,13.76000023,10,1,0.01018
43.90727396,117.6903515,14.01000023,10,1,0.01236
43.99310486,118.0340538,14.21000004,10,1,0.0139
44.07893576,118.3555818,14.35000038,10,1,0.01469
44.1552299,118.6438482,14.47000027,10,1,0.01476
44.23152403,118.9653762,14.59000015,10,1,0.01425
44.31735493,119.275817,14.64999962,10,1,0.01334
44.4127226,119.6195193,14.72999954,10,1,0.01217
44.48901673,119.9077857,14.78999996,10,1,0.01086
44.57484763,120.2182265,14.85000038,10,1,0.00946
44.641605,120.5397545,14.93999958,10,1,0.00798
44.73697267,120.8834568,15.05000019,10,1,0.00647
44.8132668,121.1717233,15.14999962,10,1,0.00501
44.90863447,121.482164,15.30000019,10,1,0.00374
45.02307567,121.8369534,15.32999992,10,1,0.00282
45.1279801,122.1473941,15.31999969,10,1,0.00236
45.213811,122.4356605,15.35000038,10,1,0.00238
45.29010514,122.7461013,15.40999985,10,1,0.00278
45.36639927,123.0898037,15.47000027,10,1,0.0033
45.43315664,123.3891573,15.56999969,10,1,0.00365
45.499914,123.6663366,15.73999977,10,1,0.00357
45.60481844,123.9989517,15.90999985,10,1,0.00297
45.7001861,124.2983052,16.02000046,10,1,0.00192
45.79555377,124.5754844,16.10000038,10,1,0.00074
45.90045821,124.9080995,16.02000046,10,1,-0.00019
46.00536264,125.2185401,15.94999981,10,1,-0.0005
46.10073031,125.5289809,15.92000008,10,1,0.0001
46.17702444,125.8061601,16.09000015,10,1,0.00126
46.25331858,126.1498625,16.34000015,10,1,0.00299
46.31053918,126.4492162,16.62000084,10,1,0.00472
46.37729654,126.759657,16.78000069,10,1,0.00603
46.45359068,127.0257491,16.79000092,10,1,0.00662
46.56803188,127.3694513,16.69000053,10,1,0.00648
46.68247308,127.6688047,16.47999954,10,1,0.00582
46.80645105,127.9792453,16.32999992,10,1,0.00505
46.92089225,128.3229475,16.45000076,10,1,0.00459
46.99718638,128.611214,16.93000031,10,1,0.00478
47.07348051,128.9327419,17.5,10,1,0.00571
47.15931141,129.2542699,18.01000023,10,1,0.00724
47.25467908,129.5979721,18.34000015,10,1,0.00897
47.33097322,129.8640642,18.45000076,10,1,0.01039
47.42634088,130.1634177,18.5,10,1,0.01101
47.52170855,130.4738585,18.48999977,10,1,0.01048
47.63614975,130.8064735,18.34000015,10,1,0.00874
47.73151742,131.0725654,18.14999962,10,1,0.00601
47.83642185,131.3608317,17.89999962,10,1,0.00277
47.96039982,131.6712723,17.70000076,10,1,-0.00037
48.06530425,131.9595386,17.54999924,10,1,-0.00282
48.15113515,132.2256306,17.59000015,10,1,-0.00415
48.24650282,132.5249842,17.75,10,1,-0.00424
48.34187049,132.846512,18.04000092,10,1,-0.00321
48.42770139,133.1458656,18.46999931,10,1,-0.00145
48.50399552,133.4230449,18.79000092,10,1,0.00054
48.58982642,133.7334856,18.95000076,10,1,0.00227
48.69473085,134.0439263,18.87000084,10,1,0.00334
48.80917205,134.3765412,18.60000038,10,1,0.0035
48.90453972,134.6426332,18.31999969,10,1,0.0027
49.02851769,134.9752482,18.01000023,10,1,0.00104
49.12388536,135.2746017,17.75,10,1,-0.00124
49.21925302,135.5850424,17.54999924,10,1,-0.00382
49.31462069,135.8511343,17.45999908,10,1,-0.00635
49.40998836,136.161575,17.44000053,10,1,-0.00845
49.53396632,136.49419,17.37000084,10,1,-0.00983
49.62933399,136.8046307,17.26000023,10,1,-0.01026
49.72470166,137.0818098,17.20999908,10,1,-0.00967
49.82006933,137.3811633,17.25,10,1,-0.00813
49.92497376,137.7248655,17.42000008,10,1,-0.00586
50.0012679,138.0353063,17.61000061,10,1,-0.00324
50.07756203,138.3457471,17.72999954,10,1,-0.00066
50.16339293,138.667275,17.79000092,10,1,0.00146
50.2587606,138.9777157,17.77000046,10,1,0.0028
50.35412826,139.2992436,17.63999939,10,1,0.0032
50.44949593,139.5875099,17.43000031,10,1,0.00266
50.5734739,139.9201248,17.10000038,10,1,0.00133
50.67837833,140.2305655,16.86000061,10,1,-0.00054
50.78328277,140.5520933,16.70999908,10,1,-0.00266
50.8595769,140.8292725,16.62000084,10,1,-0.00477
50.95494457,141.1729748,16.48999977,10,1,-0.00667
51.05031223,141.4834155,16.30999947,10,1,-0.00826
51.16475344,141.8271176,16.07999992,10,1,-0.0095
51.25058434,142.115384,15.88000011,10,1,-0.01038
51.345952,142.4369118,15.60000038,10,1,-0.01093
51.44131967,142.7473525,15.43000031,10,1,-0.01114
51.53668734,143.1021419,15.34000015,10,1,-0.011
51.61298147,143.3904083,15.31000042,10,1,-0.01049
51.69881237,143.7008491,15.27000046,10,1,-0.00961
51.78464327,144.0112898,15.27000046,10,1,-0.00835
51.88001094,144.354992,15.26000023,10,1,-0.00678
51.95630507,144.6654328,15.31999969,10,1,-0.00501
52.03259921,144.942612,15.35000038,10,1,-0.00322
52.10889334,145.2530528,15.39000034,10,1,-0.00162
52.19472424,145.5967551,15.39999962,10,1,-0.00044
52.26148161,145.8961087,15.31000042,10,1,0.00016
52.33777574,146.1732879,15.18000031,10,1,0.0001
52.42360664,146.4837287,14.96000004,10,1,-0.00078
52.52851107,146.8274308,14.72000027,10,1,-0.00224
52.61434197,147.1489587,14.53999996,10,1,-0.00411
52.69063611,147.426138,14.39999962,10,1,-0.00615
52.77646701,147.7476659,14.34000015,10,1,-0.00805
52.86229791,148.0691938,14.30000019,10,1,-0.00952
52.95766558,148.412896,14.18000031,10,1,-0.01035
53.02442294,148.7011624,14.01000023,10,1,-0.01042
53.10071708,149.000516,13.75,10,1,-0.00975
53.18654798,149.3442183,13.52999973,10,1,-0.00849
53.26284211,149.6546591,13.36999989,10,1,-0.00687
53.31052595,149.9540128,13.30000019,10,1,-0.00516
53.38682008,150.3088023,13.26000023,10,1,-0.00361
53.46311421,150.6303302,13.28999996,10,1,-0.00236
53.52987158,150.9296839,13.38000011,10,1,-0.00145
53.62523925,151.3066476,13.42000008,10,1,-0.0008
53.71107015,151.6281755,13.39999962,10,1,-0.00023
53.79690105,151.9607906,13.35000038,10,1,0.00041
53.87319518,152.2712314,13.36999989,10,1,0.00127
53.93995255,152.5927594,13.47999954,10,1,0.00238
54.00670991,152.9142874,13.65999985,10,1,0.00364
54.08300405,153.2690769,13.80000019,10,1,0.00486
54.14022465,153.5684305,13.92000008,10,1,0.0058
54.21651878,153.8899585,13.97999954,10,1,0.00623
54.29281292,154.2114864,13.97000027,10,1,0.006
54.38818059,154.5662758,13.88000011,10,1,0.0051
54.47401149,154.843455,13.72000027,10,1,0.00361
54.55984239,155.1649829,13.5,10,1,0.00174
54.65521005,155.5197723,13.31999969,10,1,-0.00031
54.72196742,155.8080387,13.21000004,10,1,-0.00233
54.78872479,156.1184795,13.06000042,10,1,-0.00417
54.86501892,156.4289203,12.85999966,10,1,-0.00574
54.96038659,156.7837097,12.60999966,10,1,-0.00701
55.02714396,157.0719761,12.43000031,10,1,-0.00793
55.11297486,157.4045912,12.35999966,10,1,-0.00847
55.19880576,157.7372063,12.47000027,10,1,-0.00852
55.27509989,158.1030829,12.67000008,10,1,-0.008
55.34185726,158.3913494,12.88000011,10,1,-0.0068
55.40861462,158.7017902,13.02999973,10,1,-0.00489
55.49444553,159.0454924,13.15999985,10,1,-0.00234
55.56120289,159.3670204,13.27999973,10,1,0.00066
55.62796026,159.6774612,13.48999977,10,1,0.00378
55.67564409,159.976815,13.73999977,10,1,0.00666
55.73286469,160.298343,14,10,1,0.00897
55.80915883,160.6531325,14.14999962,10,1,0.01046
55.88545296,160.9857476,14.22000027,10,1,0.01105
55.97128386,161.2740139,14.15999985,10,1,0.01081
56.06665153,161.606629,14.09000015,10,1,0.00995
56.16201919,161.9614183,14.03999996,10,1,0.00868
56.24785009,162.2940334,14.10999966,10,1,0.00724
56.32414423,162.6044742,14.17000008,10,1,0.00574
56.40997513,162.9703508,14.22000027,10,1,0.00423
56.48626926,163.3029659,14.21000004,10,1,0.00267
56.57210016,163.635581,14.09000015,10,1,0.00101
56.66746783,163.9792832,13.90999985,10,1,-0.00078
56.7628355,164.3118982,13.68000031,10,1,-0.00263
56.8486664,164.6445132,13.5,10,1,-0.00439
56.92496053,164.9438668,13.39999962,10,1,-0.00578
57.02986496,165.3097433,13.36999989,10,1,-0.00651
57.12523263,165.6312711,13.52000046,10,1,-0.00632
57.21106353,165.9638862,13.72000027,10,1,-0.00507
57.2778209,166.274327,13.98999977,10,1,-0.00277
57.34457827,166.6402037,14.44999981,10,1,0.00042
57.41133563,166.9728189,14.89999962,10,1,0.00417
57.478093,167.2943469,15.42000008,10,1,0.00811
57.55438713,167.5937004,15.84000015,10,1,0.01189
57.64021803,167.9484898,16.20999908,10,1,0.01523
57.72604894,168.2589305,16.54000092,10,1,0.018
57.81187984,168.5915456,16.97999954,10,1,0.02024
57.88817397,168.8576376,17.42000008,10,1,0.02207
57.97400487,169.1569911,17.87000084,10,1,0.02367
58.06937254,169.4674317,18.29000092,10,1,0.02517
58.17427697,169.8111339,18.68000031,10,1,0.02657
58.2505711,170.0772259,18.98999977,10,1,0.02774
58.33640201,170.3765794,19.5,10,1,0.02845
58.41269614,170.6648457,19.92000008,10,1,0.02842
58.50806381,170.9863736,20.21999931,10,1,0.02752
58.60343147,171.2413783,20.37999916,10,1,0.02576
58.71787267,171.5296444,20.39999962,10,1,0.02341
58.86092418,171.851172,20.32999992,10,1,0.02086
58.98490214,172.1505253,20.32999992,10,1,0.01864
59.08980658,172.4166171,20.45000076,10,1,0.0172
59.20424778,172.7159704,20.79000092,10,1,0.01685
59.31868898,173.0485853,21.29000092,10,1,0.01768
59.42359341,173.3368515,21.88999939,10,1,0.01955
59.52849785,173.6140305,22.35000038,10,1,0.02214
59.64293905,173.9133839,22.88999939,10,1,0.02504
59.77645378,174.2570858,23.40999985,10,1,0.02784
59.90043175,174.5564391,24,10,1,0.0302
60.02440971,174.833618,24.44000053,10,1,0.03189
60.17699798,175.1551455,24.95000076,10,1,0.03283
60.32004948,175.4544986,25.51000023,10,1,0.03305
60.46310098,175.7427646,26.02000046,10,1,0.03266
60.59661572,175.9866819,26.51000023,10,1,0.03183
60.74920398,176.286035,27.06999969,10,1,0.03073
60.88271872,176.5632139,27.70999908,10,1,0.02954
61.02577022,176.8403926,28.27000046,10,1,0.02839
61.16882172,177.0953971,28.72999954,10,1,0.02739
61.34048352,177.39475,29.28000069,10,1,0.02661
61.50260855,177.6719287,29.79000092,10,1,0.02613
61.66473359,177.9491074,30.34000015,10,1,0.02598
61.81732186,178.2262861,30.95999908,10,1,0.02621
61.97944689,178.4923776,31.62999916,10,1,0.02681
62.14157193,178.7695562,32.27000046,10,1,0.02779
62.31323373,179.0356476,32.91999817,10,1,0.02907
62.48489553,179.301739,33.58000183,10,1,0.03056
62.65655733,179.5789176,34.25,10,1,0.03211
62.82821913,179.845009,34.93000031,10,1,0.03356
62.99988093,180.1111004,35.56999969,10,1,0.03474
63.1810795,180.3771918,36.11999893,10,1,0.03549
63.37181483,180.6432831,36.68000031,10,1,0.03571
63.56255017,180.8982872,37.25999832,10,1,0.03535
63.77235903,181.1754655,37.83000183,10,1,0.03447
63.9535576,181.4082953,38.40000153,10,1,0.03315
64.1538297,181.6632993,38.99000168,10,1,0.03154
64.36363857,181.9183033,39.56000137,10,1,0.0298
64.57344744,182.1733073,40.15000153,10,1,0.02805
64.79279307,182.4283112,40.68999863,10,1,0.02637
65.01213871,182.6833151,41.22000122,10,1,0.02478
65.25055787,182.9604932,41.74000168,10,1,0.02325
65.43175644,183.1822358,42.25999832,10,1,0.02171
65.65110208,183.4372396,42.68000031,10,1,0.02012
65.90859478,183.7033305,42.99000168,10,1,0.01845
66.13747718,183.9583343,43.29000092,10,1,0.01677
66.35682281,184.1800766,43.47000122,10,1,0.01517
66.59524198,184.4350803,43.70999908,10,1,0.0138
66.85273468,184.7011711,43.97000122,10,1,0.01284
67.09115385,184.9561749,44.31999969,10,1,0.01241
67.31049948,185.1779172,44.65999985,10,1,0.01262
67.54891865,185.4329209,45.13000107,10,1,0.01346
67.81594812,185.7100988,45.63999939,10,1,0.01486
68.06390406,185.9651024,46.27999878,10,1,0.01666
68.30232322,186.2201061,46.90000153,10,1,0.01865
68.52166886,186.4418484,47.45000076,10,1,0.02057
68.78869833,186.7079391,48.09000015,10,1,0.02219
69.02711749,186.9407684,48.56000137,10,1,0.02331
69.27507343,187.1846849,48.91999817,10,1,0.02379
69.5421029,187.417514,49.24000168,10,1,0.02359
69.7995956,187.6503432,49.56000137,10,1,0.02271
70.06662507,187.8831723,49.93000031,10,1,0.02126
70.30504424,188.1049144,50.27999878,10,1,0.01937
70.600684,188.3599177,50.70999908,10,1,0.01718
70.87725024,188.5927467,51.00999832,10,1,0.01489
71.15381647,188.8255757,51.16999817,10,1,0.01263
71.43038271,189.0473175,51.22999954,10,1,0.01053
71.70694894,189.2690593,51.27000046,10,1,0.0087
71.98351518,189.4908012,51.31000137,10,1,0.00715
72.26008141,189.7236301,51.45000076,10,1,0.00587
72.52711088,189.9564592,51.59000015,10,1,0.00483
72.80367711,190.2003753,51.75999832,10,1,0.00395
73.08024335,190.4221171,51.84000015,10,1,0.00319
73.39495665,190.666033,51.88000107,10,1,0.00254
73.65244935,190.8766877,51.88999939,10,1,0.00201
73.92901559,191.0984295,51.88000107,10,1,0.00165
74.21511859,191.3201712,51.86999893,10,1,0.0015
74.52029512,191.5640871,51.93000031,10,1,0.00158
74.76825106,191.7747418,52.00999832,10,1,0.00188
75.04481729,192.0186579,52.09999847,10,1,0.00235
75.32138353,192.2514868,52.18000031,10,1,0.00291
75.63609683,192.5064898,52.24000168,10,1,0.00348
75.90312629,192.7171444,52.29000092,10,1,0.00403
76.1892293,192.9388861,52.34999847,10,1,0.0045
76.51347937,193.193889,52.43999863,10,1,0.00492
76.80911913,193.4267177,52.56000137,10,1,0.00529
77.06661184,193.6484595,52.72000122,10,1,0.0056
77.3622516,193.8812882,52.90000153,10,1,0.00585
77.67696491,194.1362912,53.06999969,10,1,0.00597
77.97260467,194.3691199,53.22000122,10,1,0.00593
78.24917091,194.5797743,53.27999878,10,1,0.00566
78.54481067,194.812603,53.29999924,10,1,0.00511
78.87859751,195.0676058,53.31000137,10,1,0.00427
79.18377405,195.3004344,53.29999924,10,1,0.00319
79.45080352,195.5110889,53.29999924,10,1,0.00193
79.78459035,195.7550044,53.29999924,10,1,0.0006
80.08976689,195.987833,53.29999924,10,1,-0.00069
80.39494342,196.2206616,53.27999878,10,1,-0.00182
80.70011996,196.4424029,53.27999878,10,1,-0.00271
80.99575972,196.6752316,53.31999969,10,1,-0.00333
