80.97668619,208.7380887,223.1100006,10,1,0.0728
80.74780379,208.4941724,224.3099976,10,1,0.0723
80.49984785,208.2724306,225.7100067,10,1,0.07163
80.27096545,208.0396015,227,10,1,0.0709
80.03254628,207.8178596,228.3500061,10,1,0.07029
79.78459035,207.6072049,229.7100067,10,1,0.06993
79.53663441,207.3965503,231.1699982,10,1,0.06992
79.28867848,207.1858956,232.6600037,10,1,0.07024
79.01211224,206.964154,234.1600037,10,1,0.07073
78.79276661,206.7756735,235.6399994,10,1,0.07119
78.53527391,206.5982805,237.0599976,10,1,0.07137
78.24917091,206.3987133,238.4100037,10,1,0.07107
78.00121497,206.2545817,239.6399994,10,1,0.0702
77.7341855,206.0882759,240.8000031,10,1,0.06876
77.45761927,205.9330573,241.8699951,10,1,0.06689
77.18105304,205.788926,242.9499969,10,1,0.06475
76.9044868,205.6447946,244,10,1,0.06251
76.63745733,205.5117503,245.0299988,10,1,0.06029
76.3322808,205.3565319,246.1000061,10,1,0.05814
76.09386163,205.2345746,246.9199982,10,1,0.05607
75.81729539,205.1126176,247.7599945,10,1,0.05402
75.51211886,204.9906607,248.6999969,10,1,0.05197
75.25462616,204.9019651,249.4499969,10,1,0.04989
74.96852316,204.7910953,250.1799927,10,1,0.04781
74.65380985,204.6691385,251.1100006,10,1,0.04574
74.40585392,204.5804427,251.8300018,10,1,0.04374
74.10067739,204.4806602,252.6000061,10,1,0.0418
73.84318469,204.3919645,253.2899933,10,1,0.03993
73.53800815,204.292182,253.9700012,10,1,0.03811
73.25190515,204.2145737,254.6000061,10,1,0.03629
72.96580215,204.1258782,255.0899963,10,1,0.03446
72.67969915,204.0593571,255.6699982,10,1,0.03262
72.40313291,203.9817487,256.1600037,10,1,0.03082
72.12656668,203.9041403,256.7900085,10,1,0.0291
71.84046367,203.8376191,257.269989,10,1,0.02754
71.55436067,203.7710979,257.769989,10,1,0.02619
71.26825767,203.7045768,258.1400146,10,1,0.02507
70.98215467,203.6380556,258.5799866,10,1,0.02416
70.73419874,203.5826213,258.9299927,10,1,0.02338
70.4290222,203.5161002,259.3299866,10,1,0.0226
70.1429192,203.4606662,259.6700134,10,1,0.02168
69.86635297,203.4052321,259.9400024,10,1,0.02047
69.58978673,203.3387108,260.2200012,10,1,0.01891
69.3132205,203.2943639,260.3999939,10,1,0.017
69.03665426,203.2389298,260.4899902,10,1,0.01484
68.77916156,203.2056699,260.5299988,10,1,0.01259
68.47398502,203.1613232,260.5799866,10,1,0.01046
68.19741879,203.1169762,260.6400146,10,1,0.00861
67.92085255,203.0726293,260.8200073,10,1,0.00714
67.64428632,203.0171951,261.019989,10,1,0.00603
67.36772008,202.961761,261.230011,10,1,0.00518
67.08161708,202.917414,261.3800049,10,1,0.00442
66.79551408,202.8619799,261.4200134,10,1,0.00357
66.47126402,202.8176332,261.3900146,10,1,0.00253
66.19469778,202.7732862,261.3099976,10,1,0.00124
65.88952125,202.7289394,261.269989,10,1,-0.00025
65.58434471,202.6845926,261.2999878,10,1,-0.00182
65.28870494,202.6402457,261.2900085,10,1,-0.0033
64.97399164,202.5848117,261.2900085,10,1,-0.00451
64.70696217,202.5404646,261.269989,10,1,-0.00529
64.42085917,202.4961176,261.1600037,10,1,-0.00554
64.0966091,202.4406836,260.9899902,10,1,-0.00526
63.82957963,202.3963365,260.8299866,10,1,-0.00453
63.53393987,202.3409024,260.7000122,10,1,-0.00348
63.19061626,202.2743813,260.6600037,10,1,-0.0023
62.96173386,202.1856852,245.9499969,10,1,-0.00632
62.67563086,202.0637279,245.8600006,10,1,-0.00677
62.33230726,201.9085093,245.6999969,10,1,-0.00742
62.01759396,201.7532906,245.5200043,10,1,-0.0082
61.69334389,201.6091591,245.3099976,10,1,-0.00903
61.40724089,201.4761145,245.1799927,10,1,-0.00982
61.06391729,201.3098087,245.0099945,10,1,-0.01048
60.74920398,201.15459,244.8500061,10,1,-0.01098
60.44402745,201.0104583,244.5800018,10,1,-0.01129
60.17699798,200.8774136,244.2700043,10,1,-0.01146
59.85274791,200.7111077,243.9100037,10,1,-0.01159
59.55710814,200.5558888,243.5800018,10,1,-0.0118
59.26146838,200.411757,243.2400055,10,1,-0.01226
58.99443891,200.2676251,242.8899994,10,1,-0.01312
58.67018884,200.1013192,242.4499969,10,1,-0.01447
58.37454907,199.9461002,241.9700012,10,1,-0.01638
58.0789093,199.7908813,241.4700012,10,1,-0.01881
57.78326953,199.6467495,240.9299927,10,1,-0.02168
57.49716653,199.4915305,240.25,10,1,-0.02482
57.2206003,199.3363114,239.5899963,10,1,-0.02802
56.95357083,199.1921794,238.9600067,10,1,-0.0311
56.68654136,199.0369603,238.4100037,10,1,-0.03386
56.42904866,198.8817411,237.8699951,10,1,-0.03617
56.17155596,198.7265218,237.3899994,10,1,-0.03797
55.90452649,198.5491283,236.9299927,10,1,-0.03925
55.67564409,198.4049961,236.4900055,10,1,-0.04005
55.42768816,198.2386896,236.0099945,10,1,-0.04043
55.17973222,198.061296,235.4199982,10,1,-0.04042
54.90316599,197.8839025,234.7400055,10,1,-0.04007
54.68382035,197.728683,234.0500031,10,1,-0.03939
54.42632765,197.5402022,233.3899994,10,1,-0.03839
54.14976141,197.3406343,232.7700043,10,1,-0.03712
53.91134225,197.129979,232.1399994,10,1,-0.03561
53.68245985,196.941498,231.5599976,10,1,-0.03394
53.43450391,196.74193,230.8699951,10,1,-0.0322
53.15793768,196.5201877,230.1199951,10,1,-0.03047
52.90044498,196.3095325,229.2599945,10,1,-0.02886
52.67156258,196.1099643,228.6300049,10,1,-0.02742
52.41406987,195.8771347,227.9700012,10,1,-0.02622
52.14704041,195.6221308,227.4400024,10,1,-0.02529
51.89908447,195.3893011,226.9299927,10,1,-0.02464
51.67020207,195.1897329,226.5099945,10,1,-0.02426
51.42224614,194.9569032,225.9900055,10,1,-0.02412
51.13614313,194.7018994,225.4700012,10,1,-0.0242
50.8881872,194.4579825,225,10,1,-0.02448
50.6593048,194.2251527,224.5800018,10,1,-0.02495
50.38273856,193.9479744,224.0800018,10,1,-0.02558
50.1443194,193.6929703,223.5099945,10,1,-0.02634
49.89636346,193.4268791,222.9299927,10,1,-0.02716
49.66748106,193.1940493,222.3999939,10,1,-0.02797
49.39091482,192.9057838,221.8200073,10,1,-0.02863
49.14295889,192.6507797,221.1499939,10,1,-0.02906
48.90453972,192.3736012,220.6300049,10,1,-0.02916
48.68519409,192.1185969,220.1300049,10,1,-0.02893
48.42770139,191.8081569,219.5500031,10,1,-0.02841
48.19881899,191.5198912,219.0200043,10,1,-0.02772
47.96993659,191.2316254,218.5299988,10,1,-0.02699
47.74105419,190.9322725,218.0899963,10,1,-0.02635
47.51217178,190.6329195,217.5200043,10,1,-0.02589
47.28328938,190.3335666,216.9700012,10,1,-0.02566
47.05440698,190.0342136,216.3699951,10,1,-0.02562
46.82552458,189.7348606,215.8200073,10,1,-0.02569
46.59664218,189.4355077,215.2299957,10,1,-0.02579
46.37729654,189.1250675,214.7400055,10,1,-0.02585
46.15795091,188.7702785,214.2799988,10,1,-0.02585
45.96721557,188.4820126,213.8099976,10,1,-0.02581
45.75740671,188.1604851,213.3099976,10,1,-0.0258
45.5571346,187.8500448,212.75,10,1,-0.02595
45.3282522,187.4952559,212.0500031,10,1,-0.02634
45.14705364,187.2069899,211.4400024,10,1,-0.02709
44.9563183,186.8854623,210.7200012,10,1,-0.02822
44.76558297,186.5639348,209.9799957,10,1,-0.02973
44.56531087,186.2091457,209.0500031,10,1,-0.03153
44.40318583,185.9208796,208.2799988,10,1,-0.03349
44.22198727,185.6104392,207.3800049,10,1,-0.03542
44.0407887,185.2889116,206.5099945,10,1,-0.03712
43.85005336,184.9230353,205.5,10,1,-0.03843
43.70700186,184.6236819,204.7100067,10,1,-0.03923
43.55441359,184.291067,203.8399963,10,1,-0.03948
43.39228856,183.9362778,203.0500031,10,1,-0.03924
43.24923706,183.6036628,202.2700043,10,1,-0.03864
43.12525909,183.3043094,201.7100067,10,1,-0.03783
43.00128113,182.9606072,201.0599976,10,1,-0.03698
42.85822963,182.5725563,200.3099976,10,1,-0.03622
42.72471489,182.2288541,199.3500061,10,1,-0.03561
42.61027369,181.9295006,198.5200043,10,1,-0.03513
42.47675896,181.563624,197.7799988,10,1,-0.03469
42.36231776,181.2420962,197.0399933,10,1,-0.03417
42.26695009,180.8983938,196.3999939,10,1,-0.03346
42.18111919,180.5990402,195.8699951,10,1,-0.0325
42.07621475,180.2220763,195.2799988,10,1,-0.03126
41.98084709,179.878374,194.7299957,10,1,-0.02982
41.88547942,179.5457588,194.1799927,10,1,-0.02829
41.80918528,179.235318,193.7299957,10,1,-0.02679
41.72335438,178.858354,193.1499939,10,1,-0.02546
41.64706025,178.5257388,192.6699982,10,1,-0.02441
41.57076612,178.1820364,192.1499939,10,1,-0.0237
41.49447198,177.8494212,191.6199951,10,1,-0.02331
41.41817785,177.5057187,191.1600037,10,1,-0.02321
41.35142048,177.1731035,190.6999969,10,1,-0.02328
41.28466312,176.829401,190.2799988,10,1,-0.02341
41.20836898,176.4967858,189.7899933,10,1,-0.02346
41.15114838,176.1530833,189.3600006,10,1,-0.02331
41.09392778,175.820468,188.9199982,10,1,-0.02287
41.04624395,175.4435039,188.5399933,10,1,-0.02206
40.98902335,175.133063,188.2400055,10,1,-0.02087
40.94133951,174.7893604,187.9299927,10,1,-0.0193
40.89365568,174.4567451,187.6900024,10,1,-0.01739
40.85550861,174.079781,187.4900055,10,1,-0.01522
40.81736155,173.7804271,187.2899933,10,1,-0.01287
40.77921448,173.4478118,187.1100006,10,1,-0.01048
40.73153065,173.1151964,186.9900055,10,1,-0.00822
40.69338358,172.7493195,186.8600006,10,1,-0.00623
40.67431005,172.4610528,186.7799988,10,1,-0.00467
40.63616298,172.1284374,186.6900024,10,1,-0.00362
40.59801591,171.7514733,186.5399933,10,1,-0.00312
40.55033208,171.4077707,186.3699951,10,1,-0.0031
40.51218501,171.1084169,186.1699982,10,1,-0.00343
40.47403795,170.7647143,185.9900055,10,1,-0.0039
40.42635411,170.3877503,185.8399963,10,1,-0.00432
40.38820705,170.0440477,185.8000031,10,1,-0.00449
40.35005998,169.7336067,185.8399963,10,1,-0.00429
40.31191291,169.3566426,185.8800049,10,1,-0.00369
40.28330261,169.0129399,185.8800049,10,1,-0.00275
40.25469231,168.6692373,185.8099976,10,1,-0.00163
40.22608201,168.3587963,185.7200012,10,1,-0.00051
40.19747171,168.0040065,185.5899963,10,1,0.00045
40.15932464,167.6270424,185.5200043,10,1,0.00114
40.12117758,167.2722526,185.4900055,10,1,0.00153
40.08303051,166.9618116,185.5299988,10,1,0.00167
40.04488344,166.5626731,185.6699982,10,1,0.00168
39.99719961,166.2078834,185.8399963,10,1,0.00169
39.94951578,165.8530937,185.9900055,10,1,0.00181
39.92090548,165.4983039,186.1300049,10,1,0.0021
39.89229518,165.1435141,186.3099976,10,1,0.00256
39.86368488,164.7776372,186.4900055,10,1,0.00313
39.81600104,164.3895859,186.6399994,10,1,0.00373
39.77785398,164.0569705,186.7799988,10,1,0.00427
39.73970691,163.6910936,186.9499969,10,1,0.0047
39.70155984,163.3252167,187.0599976,10,1,0.00498
39.65387601,162.9260782,187.1699982,10,1,0.00513
39.60619218,162.60455,187.2599945,10,1,0.0052
39.55850834,162.2386731,187.3200073,10,1,0.00522
39.52036127,161.8727962,187.3800049,10,1,0.00522
39.48221421,161.5069193,187.4600067,10,1,0.00522
39.43453037,161.1410424,187.5800018,10,1,0.00522
39.39638331,160.7640783,187.7100067,10,1,0.00522
39.33916271,160.3982014,187.8099976,10,1,0.00522
39.29147887,160.0212373,187.8800049,10,1,0.00528
39.24379504,159.6553604,187.9799957,10,1,0.00543
39.18657444,159.2894836,188.1100006,10,1,0.00572
39.12935384,158.879258,188.2400055,10,1,0.00619
39.08167,158.5466426,188.3999939,10,1,0.00682
39.03398617,158.1807657,188.6199951,10,1,0.00755
38.9958391,157.8148888,188.8899994,10,1,0.00827
38.9386185,157.4046632,189.1900024,10,1,0.00886
38.8813979,157.0720479,189.4499969,10,1,0.00916
38.83371407,156.706171,189.6499939,10,1,0.00908
38.7669567,156.3402941,189.7100067,10,1,0.00857
38.70019934,155.9411558,189.6900024,10,1,0.00766
38.6525155,155.6307148,189.6699982,10,1,0.00643
38.57622137,155.2870123,189.6499939,10,1,0.00504
38.509464,154.9100483,189.6300049,10,1,0.00363
38.4522434,154.5552587,189.6600037,10,1,0.00237
38.40455957,154.2448177,189.7200012,10,1,0.00138
38.34733897,153.9011152,189.8300018,10,1,0.00072
38.27104483,153.5241512,189.9400024,10,1,0.0004
38.21382423,153.1804487,190,10,1,0.00036
38.1661404,152.8700077,190.0200043,10,1,0.00054
38.1089198,152.5041309,190.1199951,10,1,0.00084
38.0516992,152.1715155,190.2100067,10,1,0.00117
37.9944786,151.8389002,190.2799988,10,1,0.00146
37.937258,151.5395465,190.3099976,10,1,0.00168
37.8800374,151.2180183,190.3000031,10,1,0.00183
37.8228168,150.8632287,190.3800049,10,1,0.00196
37.7655962,150.5417005,190.4299927,10,1,0.00213
37.71791236,150.2423467,190.4900055,10,1,0.00242
37.651155,149.8986443,190.6000061,10,1,0.00289
37.58439763,149.5771162,190.7599945,10,1,0.00361
37.5367138,149.255588,191.0200043,10,1,0.00457
37.48902996,148.9673214,191.2400055,10,1,0.00574
37.43180936,148.6236189,191.5399933,10,1,0.00706
37.37458876,148.3131779,191.7599945,10,1,0.00841
37.31736816,148.002737,191.9299927,10,1,0.00968
37.26014756,147.7033832,192.0299988,10,1,0.01074
37.20292696,147.3929423,192.1000061,10,1,0.01148
37.14570636,147.0935885,192.1600037,10,1,0.01184
37.07894899,146.7942348,192.25,10,1,0.01179
37.02172839,146.494881,192.3699951,10,1,0.01135
36.95497103,146.1844401,192.5200043,10,1,0.01062
36.88821366,145.8739992,192.6699982,10,1,0.0097
36.82145629,145.5746455,192.8399963,10,1,0.00873
36.75469893,145.2752917,193.0299988,10,1,0.00786
36.68794156,144.975938,193.2299957,10,1,0.00719
36.61164743,144.6765843,193.3800049,10,1,0.00677
36.53535329,144.343969,193.4799957,10,1,0.00658
36.47813269,144.0778768,193.5299988,10,1,0.00652
36.42091209,143.7785231,193.5200043,10,1,0.00641
36.35415473,143.4791693,193.4700012,10,1,0.00605
36.27786059,143.1465541,193.3899994,10,1,0.00526
36.21110323,142.8915491,193.3300018,10,1,0.00393
36.14434586,142.6032825,193.25,10,1,0.00204
36.06805172,142.3039288,193.1699982,10,1,-0.00028
35.98222082,141.993488,193.1000061,10,1,-0.0028
35.92500022,141.7384829,193.0700073,10,1,-0.00522
35.84870609,141.4502164,193.0599976,10,1,-0.00724
35.77241195,141.1508627,193.0399933,10,1,-0.00863
35.70565459,140.8625962,193.0099945,10,1,-0.00925
35.64843399,140.6075911,192.9600067,10,1,-0.00914
35.60075015,140.3304117,192.8399963,10,1,-0.00846
35.54352955,140.0199707,192.6699982,10,1,-0.00748
35.48630895,139.7427913,192.4499969,10,1,-0.00653
35.42908835,139.5099607,192.3099976,10,1,-0.0059
35.36233099,139.2549557,192.1699982,10,1,-0.00581
35.30511038,138.9666891,192.1499939,10,1,-0.00636
35.24788978,138.6895097,192.1799927,10,1,-0.00748
35.20020595,138.456679,192.2200012,10,1,-0.00897
35.13344858,138.1573252,192.2599945,10,1,-0.01051
35.07622798,137.891233,192.2299957,10,1,-0.01173
35.01900738,137.6251408,192.1000061,10,1,-0.01225
34.97132355,137.3923101,191.9400024,10,1,-0.01184
34.91410295,137.1262179,191.75,10,1,-0.01041
34.86641912,136.8823,191.5899963,10,1,-0.00816
34.82827205,136.6383821,191.5,10,1,-0.0055
34.79966175,136.3944641,191.5599976,10,1,-0.00301
34.76151468,136.139459,191.6799927,10,1,-0.00129
34.72336761,135.8844539,191.7799988,10,1,-0.00077
34.67568378,135.640536,191.7599945,10,1,-0.00163
34.60892641,135.3522695,191.6799927,10,1,-0.00368
34.55170582,135.130526,191.5099945,10,1,-0.00644
34.49448521,134.8755209,191.3099976,10,1,-0.00919
34.44680138,134.6205159,191.1699982,10,1,-0.0112
34.38958078,134.3544236,191.0500031,10,1,-0.01185
34.35143371,134.1437673,190.9400024,10,1,-0.01086
34.32282341,133.8998493,190.8800049,10,1,-0.00833
34.29421311,133.6448442,190.8899994,10,1,-0.00475
34.26560281,133.4009263,190.8999939,10,1,-0.00085
34.23699251,133.1680955,190.9400024,10,1,0.00257
34.18930868,132.9130904,190.9199982,10,1,0.00484
34.14162484,132.6248238,190.8899994,10,1,0.00558
34.09394101,132.4030803,190.7899933,10,1,0.00472
34.04625718,132.1702496,190.6300049,10,1,0.00252
33.98903658,131.9152445,190.4199982,10,1,-0.00052
33.95088951,131.6824138,190.1600037,10,1,-0.00381
33.91274244,131.4274087,189.8800049,10,1,-0.0068
33.86505861,131.2056652,189.6699982,10,1,-0.00909
33.81737478,130.9284857,189.5299988,10,1,-0.01049
33.76969094,130.6734807,189.4199982,10,1,-0.01105
33.73154388,130.4184756,189.3200073,10,1,-0.01103
33.70293358,130.196732,189.2400055,10,1,-0.01075
33.66478651,129.9195525,189.1000061,10,1,-0.01057
33.63617621,129.6756346,188.8800049,10,1,-0.01072
33.59802914,129.4428038,188.6100006,10,1,-0.01127
33.55034531,129.1767116,188.2400055,10,1,-0.01217
33.50266147,128.8884449,187.8600006,10,1,-0.01325
33.45497764,128.6223527,187.4499969,10,1,-0.0143
33.40729381,128.3673476,187.1199951,10,1,-0.01519
33.36914674,128.0901681,186.9799957,10,1,-0.01583
33.35007321,127.8019014,186.9400024,10,1,-0.01623
33.32146291,127.5136348,186.8800049,10,1,-0.01641
33.30238937,127.2586296,186.7799988,10,1,-0.01641
33.26424231,126.9371014,186.5299988,10,1,-0.01619
33.21655847,126.6488348,186.1999969,10,1,-0.01566
33.16887464,126.3716553,185.9700012,10,1,-0.01469
33.13072757,126.105563,185.8899994,10,1,-0.01317
33.11165404,125.795122,186.0099945,10,1,-0.01107
33.10211727,125.5068552,186.1499939,10,1,-0.00851
33.09258051,125.2185885,186.2200012,10,1,-0.00573
33.07350697,124.9414089,186.1399994,10,1,-0.00312
33.05443344,124.6753166,185.8200073,10,1,-0.00108
33.02582314,124.4092243,185.4499969,10,1,0.0001
32.98767607,124.1320448,185.0500031,10,1,-0.00011
32.95906577,123.8437781,184.6799927,10,1,-0.00151
32.93045547,123.5555114,184.3399963,10,1,-0.00413
32.91138194,123.2672447,184.1999969,10,1,-0.0077
32.88277164,122.9568037,184.1300049,10,1,-0.01187
32.86369811,122.6907113,184.1199951,10,1,-0.01616
32.82555104,122.4135319,184.0700073,10,1,-0.02001
32.78740397,122.1363524,183.9799957,10,1,-0.02287
32.75879367,121.8259113,183.8399963,10,1,-0.02421
32.74925691,121.5819933,183.7100067,10,1,-0.02364
32.73972014,121.315901,183.6900024,10,1,-0.02104
32.73972014,121.0498086,183.7100067,10,1,-0.01658
32.73972014,120.772629,183.7400055,10,1,-0.01075
32.74925691,120.5397981,183.6799927,10,1,-0.00432
32.74925691,120.2737057,183.5599976,10,1,0.00181
32.73018337,119.9965262,183.3800049,10,1,0.00677
32.72064661,119.7304338,183.2799988,10,1,0.0099
32.71110984,119.4754286,183.2599945,10,1,0.01084
32.70157307,119.2536849,183.2700043,10,1,0.00964
32.6920363,118.9654182,183.2200012,10,1,0.00669
32.67296277,118.6993259,183.0700073,10,1,0.00266
32.64435247,118.4332335,182.8899994,10,1,-0.00168
32.61574217,118.1893156,182.7200012,10,1,-0.0056
32.58713187,117.8899617,182.5500031,10,1,-0.00857
32.5775951,117.6127822,182.4199982,10,1,-0.01032
32.56805834,117.357777,182.3200073,10,1,-0.01084
32.56805834,117.058423,182.2200012,10,1,-0.01035
32.56805834,116.7368947,182.0599976,10,1,-0.00919
32.55852157,116.448628,181.8800049,10,1,-0.00773
32.55852157,116.1825356,181.6499939,10,1,-0.0063
32.53944804,115.8610073,181.3699951,10,1,-0.00511
32.5203745,115.5727406,181.1600037,10,1,-0.00423
32.51083774,115.2733867,181.0599976,10,1,-0.00362
32.50130097,115.0072943,181.1100006,10,1,-0.00316
32.50130097,114.6635916,181.2299957,10,1,-0.00269
32.50130097,114.3642377,181.3999939,10,1,-0.00209
32.4917642,114.0537966,181.5500031,10,1,-0.00127
32.47269067,113.7544427,181.6499939,10,1,-0.00023
32.4631539,113.4440016,181.7899933,10,1,0.00094
32.4631539,113.1335604,181.9199982,10,1,0.00212
32.4631539,112.8342065,182.0299988,10,1,0.00314
32.4631539,112.5237653,182.0700073,10,1,0.00381
32.45361714,112.2133242,182.0800018,10,1,0.00399
32.44408037,111.9028831,182.0200043,10,1,0.0036
32.42500684,111.5924421,181.8099976,10,1,0.00265
32.41547007,111.282001,181.6199951,10,1,0.00122
32.39639654,110.9715599,181.4400024,10,1,-0.0005
32.39639654,110.6611187,181.4100037,10,1,-0.00227
32.37732301,110.3506777,181.3800049,10,1,-0.00385
32.36778624,110.0513237,181.4299927,10,1,-0.00498
32.3487127,109.7408827,181.5200043,10,1,-0.00546
32.33917594,109.4304416,181.6300049,10,1,-0.00516
32.33917594,109.0867389,181.7899933,10,1,-0.00406
32.33917594,108.8095593,182,10,1,-0.00223
32.33917594,108.5102054,182.0800018,10,1,0.00014
32.33917594,108.2108514,182.0899963,10,1,0.00276
32.3201024,107.8893231,182.0299988,10,1,0.00527
32.3201024,107.6232307,182,10,1,0.0073
32.3201024,107.334964,182.0399933,10,1,0.00855
32.3201024,107.0466972,182.0800018,10,1,0.00879
32.31056564,106.7251689,182.1000061,10,1,0.00798
32.2914921,106.4701638,182.0500031,10,1,0.00624
32.28195534,106.1708099,182.0200043,10,1,0.00384
32.25334504,105.8492816,181.9600067,10,1,0.00115
32.22473474,105.5610149,181.8800049,10,1,-0.00141
32.21519797,105.2838354,181.8699951,10,1,-0.00347
32.2056612,105.0288302,181.9100037,10,1,-0.00475
32.21519797,104.7405634,181.9400024,10,1,-0.00511
32.2056612,104.4412095,181.8999939,10,1,-0.00458
32.19612444,104.1640299,181.8300018,10,1,-0.00336
32.18658767,103.9090248,181.7899933,10,1,-0.00173
32.16751414,103.6207581,181.7599945,10,1,0.0001
32.1770509,103.3546656,181.8600006,10,1,0.00134
32.16751414,103.0885733,181.9600067,10,1,0.0022
32.16751414,102.8113937,182.0399933,10,1,0.0024
32.1484406,102.5342142,182.1000061,10,1,0.00196
32.1484406,102.2681218,182.1100006,10,1,0.00107
32.12936707,102.0131166,182.0200043,10,1,0.0001
32.11029354,101.7581114,181.9100037,10,1,-0.00101
32.09122,101.5031063,181.75,10,1,-0.00165
32.08168324,101.2481011,181.6699982,10,1,-0.00184
32.08168324,100.9820087,181.6900024,10,1,-0.00164
32.09122,100.7270035,181.8099976,10,1,-0.00123
32.09122,100.4719983,181.9900055,10,1,-0.00089
32.08168324,100.2169931,182.0500031,10,1,-0.00085
32.07214647,99.96198788,182.0399933,10,1,-0.00126
32.05307293,99.71806991,181.9900055,10,1,-0.00208
32.0339994,99.46306476,181.9299927,10,1,-0.00315
32.02446264,99.20805957,181.8999939,10,1,-0.00422
32.01492587,98.93088002,181.9299927,10,1,-0.00502
32.01492587,98.70913636,181.9700012,10,1,-0.00534
32.01492587,98.45413115,181.9400024,10,1,-0.00511
32.01492587,98.19912593,181.8300018,10,1,-0.0044
32.0053891,97.92194638,181.6999969,10,1,-0.00337
31.99585234,97.68911557,181.6399994,10,1,-0.00225
31.98631557,97.43411038,181.6699982,10,1,-0.00125
31.98631557,97.16801799,181.8000031,10,1,-0.0005
31.98631557,96.89083841,181.9700012,10,1,0.0001
31.98631557,96.65800756,182.1399994,10,1,0.00033
31.9767788,96.3919152,182.2400055,10,1,0.00074
31.96724203,96.10364846,182.3300018,10,1,0.0015
31.9481685,95.82646894,182.4299927,10,1,0.00284
31.9481685,95.5936381,182.5700073,10,1,0.00493
31.93863173,95.32754573,182.7899933,10,1,0.00773
31.92909497,95.02819182,183.0299988,10,1,0.01105
31.93863173,94.77318658,183.5500031,10,1,0.01454
31.9481685,94.52926852,183.9499969,10,1,0.01776
31.9481685,94.27426331,184.2599945,10,1,0.02033
31.93863173,93.98599658,184.5500031,10,1,0.02199
31.9195582,93.71990424,184.6499939,10,1,0.02267
31.8909479,93.48707348,184.6000061,10,1,0.02253
31.85280083,93.19880684,184.5899963,10,1,0.02181
31.84326407,92.93271447,184.75,10,1,0.02081
31.82419053,92.66662214,184.9199982,10,1,0.0197
31.81465377,92.42270414,185.1399994,10,1,0.01855
31.79558023,92.13443744,185.4299927,10,1,0.01727
31.7765067,91.85725792,185.7200012,10,1,0.0157
31.7478964,91.58007843,185.8899994,10,1,0.01367
31.72882287,91.32507328,185.9700012,10,1,0.01113
31.6906758,91.02571945,185.9199982,10,1,0.00814
31.64299197,90.7596272,185.8300018,10,1,0.0049
31.6048449,90.49353492,185.7100067,10,1,0.00171
31.58577137,90.22744258,185.6499939,10,1,-0.00111
31.55716107,89.96135028,185.6799927,10,1,-0.00331
31.52855077,89.69525797,185.7599945,10,1,-0.00474
31.49994047,89.41807848,185.9100037,10,1,-0.00538
31.48086693,89.14089896,186.0399933,10,1,-0.00529
31.4617934,88.86371944,186.1399994,10,1,-0.00457
31.4331831,88.58653995,186.2200012,10,1,-0.00332
31.4045728,88.30936046,186.2899933,10,1,-0.00165
31.36642573,88.032181,186.2700043,10,1,0.00036
31.33781543,87.74391433,186.2700043,10,1,0.00262
31.3187419,87.46673481,186.3600006,10,1,0.00499
31.30920513,87.18955526,186.3999939,10,1,0.00729
31.28059483,86.91237577,186.4199982,10,1,0.00931
31.25198453,86.6241091,186.4600067,10,1,0.01088
31.232911,86.32475522,186.5200043,10,1,0.01189
31.2043007,86.003227,186.5599976,10,1,0.01234
31.15661686,85.7038732,186.5599976,10,1,0.01234
31.10893303,85.43778095,186.6100006,10,1,0.0121
31.07078596,85.1495143,186.8000031,10,1,0.0119
31.04217566,84.82798608,187.1100006,10,1,0.01199
31.01356536,84.55080659,187.4299927,10,1,0.01252
30.97541829,84.28471431,187.7799988,10,1,0.01353
30.92773446,83.95209896,188.2100067,10,1,0.0149
30.88005063,83.64165798,188.6199951,10,1,0.01638
30.85144033,83.34230412,189.0099945,10,1,0.01768
30.83236679,83.07621179,189.3099976,10,1,0.01849
30.78468296,82.77685799,189.5200043,10,1,0.01861
30.72746236,82.44424267,189.8500061,10,1,0.01794
30.66070499,82.12271456,190.1799927,10,1,0.01655
30.60348439,81.84553515,190.4100037,10,1,0.0146
30.53672703,81.49074549,190.6499939,10,1,0.01235
30.48904319,81.16921733,190.8899994,10,1,0.01008
30.42228583,80.8587764,191.1000061,10,1,0.00804
30.36506523,80.53724826,191.2799988,10,1,0.00643
30.28877109,80.21572018,191.3999939,10,1,0.00538
30.22201372,79.89419206,191.3699951,10,1,0.0049
30.16479312,79.57266392,191.3399963,10,1,0.00493
30.11710929,79.25113576,191.5099945,10,1,0.00533
30.05988869,78.92960762,191.7400055,10,1,0.00594
29.99313132,78.6080795,191.8899994,10,1,0.00662
29.92637396,78.27546421,192.0299988,10,1,0.00728
29.85961659,77.95393609,192.1199951,10,1,0.00789
29.79285922,77.63240798,192.3300018,10,1,0.00848
29.72610186,77.32196705,192.5599976,10,1,0.00915
29.65934449,77.0226133,192.8699951,10,1,0.00999
29.58305036,76.7121724,193.1799927,10,1,0.01104
29.51629299,76.41281865,193.5,10,1,0.01231
29.46860915,76.10237766,193.8300018,10,1,0.01368
29.41138855,75.80302388,194.0899963,10,1,0.01499
29.34463119,75.50367013,194.2400055,10,1,0.01605
29.26833705,75.22649078,194.2599945,10,1,0.01668
29.19204292,74.93822423,194.3000031,10,1,0.01679
29.11574878,74.62778333,194.4100037,10,1,0.01639
29.04899142,74.37277831,194.6000061,10,1,0.01562
28.97269728,74.08451176,194.8999939,10,1,0.01469
28.90593992,73.79624519,195.25,10,1,0.01387
28.81057225,73.47471715,195.5599976,10,1,0.01339
28.73427812,73.20862497,195.8800049,10,1,0.0134
28.64844722,72.90927127,196.1699982,10,1,0.01397
28.56261632,72.60991757,196.4700012,10,1,0.01502
28.48632218,72.31056384,196.8500061,10,1,0.01638
28.40049128,71.97794859,197.3500061,10,1,0.01784
28.33373392,71.71185639,197.7400055,10,1,0.01914
28.23836625,71.41250271,198.1100006,10,1,0.02007
28.13346182,71.06880032,198.4299927,10,1,0.0205
28.02855738,70.76944667,198.7100067,10,1,0.02038
27.94272648,70.49226733,199.0200043,10,1,0.01979
27.82828528,70.15965215,199.3500061,10,1,0.01888
27.72338085,69.87138567,199.7400055,10,1,0.0179
27.61847641,69.5831192,200.1199951,10,1,0.01707
27.52310874,69.31702706,200.4400024,10,1,0.01663
27.40866754,69.00658624,200.8099976,10,1,0.01668
27.31329988,68.71831974,201.2100067,10,1,0.01725
27.20839544,68.43005326,201.6000061,10,1,0.01821
27.11302778,68.16396112,201.9499969,10,1,0.01935
26.99858657,67.8535203,202.3000031,10,1,0.0204
26.89368214,67.56525381,202.5500031,10,1,0.02107
26.77924094,67.28807454,202.6399994,10,1,0.02116
26.68387327,67.03306958,202.6699982,10,1,0.02057
26.55035854,66.73371598,202.7200012,10,1,0.0193
26.42638057,66.45653673,202.7899933,10,1,0.01749
26.3024026,66.17935747,202.8300018,10,1,0.01538
26.19749817,65.92435253,202.9199982,10,1,0.01325
26.06398343,65.61391175,203.0299988,10,1,0.01139
25.9304687,65.32564532,203.2100067,10,1,0.01005
25.79695397,65.04846609,203.4499969,10,1,0.0094
25.68251277,64.79346116,203.6900024,10,1,0.00953
25.54899803,64.48302037,204.0299988,10,1,0.01042
25.43455683,64.20584108,204.3800049,10,1,0.01199
25.31057887,63.92866182,204.8200073,10,1,0.01405
25.1866009,63.66256973,205.3399963,10,1,0.01638
25.06262293,63.38539046,205.9799957,10,1,0.01874
24.93864497,63.10821119,206.4400024,10,1,0.0209
24.80513023,62.83103194,206.8699951,10,1,0.02266
24.66207873,62.55385271,207.1900024,10,1,0.02386
24.528564,62.28776063,207.5200043,10,1,0.0244
24.39504926,62.01058138,207.8300018,10,1,0.02427
24.26153453,61.7444893,208.1399994,10,1,0.02352
24.09940949,61.45622293,208.4799957,10,1,0.02232
23.97543153,61.22339238,208.7599945,10,1,0.02093
23.82284326,60.96838752,209.1199951,10,1,0.01965
23.67979176,60.71338264,209.5800018,10,1,0.01883
23.51766672,60.43620344,210.1600037,10,1,0.01876
23.38415199,60.2033729,210.6600037,10,1,0.0196
23.24110049,59.94836802,211.2299957,10,1,0.02135
23.09804899,59.69336313,211.8200073,10,1,0.02382
22.93592395,59.40509674,212.4499969,10,1,0.02664
22.81194599,59.17226618,212.9400024,10,1,0.02934
22.66889448,58.91726129,213.3699951,10,1,0.03145
22.49723269,58.65116927,213.75,10,1,0.03257
22.34464442,58.40725158,213.9799957,10,1,0.03247
22.20159292,58.2076826,214.1600037,10,1,0.03117
22.02993111,57.97485212,214.3099976,10,1,0.0289
21.84873255,57.73093448,214.5500031,10,1,0.02606
21.69614428,57.50919115,214.8999939,10,1,0.02314
21.55309278,57.30962215,215.2599945,10,1,0.02061
21.38143098,57.05461731,215.7400055,10,1,0.01884
21.21930595,56.83287398,216.2799988,10,1,0.01807
21.05718091,56.61113066,216.9600067,10,1,0.01835
20.89505588,56.38938733,217.5399933,10,1,0.01961
20.75200438,56.17873114,218.1499939,10,1,0.02166
20.59941611,55.97916216,218.7200012,10,1,0.02428
20.44682784,55.76850598,219.1799927,10,1,0.02722
20.29423957,55.56893699,219.4700012,10,1,0.03024
20.14165131,55.369368,219.75,10,1,0.03312
19.97952627,55.16979902,219.8999939,10,1,0.03562
19.82693801,54.97023003,220.0800018,10,1,0.0375
19.6552762,54.77066106,220.3000031,10,1,0.03849
19.49315117,54.57109208,220.6499939,10,1,0.0383
19.33102613,54.37152309,221.1799927,10,1,0.03669
19.15936434,54.17195412,221.6999969,10,1,0.03353
18.98770253,53.98347233,222.1300049,10,1,0.02892
18.81604073,53.80607771,222.5099945,10,1,0.02331
18.6539157,53.63977027,222.7799988,10,1,0.01747
18.46318036,53.46237568,223.0200043,10,1,0.01246
18.3105921,53.31824258,223.2899933,10,1,0.00935
18.15800383,53.16302228,223.6499939,10,1,0.0089
18.00541556,53.00780199,224.1499939,10,1,0.01127
17.86236406,52.83040731,224.7700043,10,1,0.01597
17.71931256,52.65301264,225.4700012,10,1,0.02207
17.57626106,52.46453077,226.2299957,10,1,0.02855
17.41413602,52.26496176,226.9499969,10,1,0.0346
17.26154776,52.08756709,227.5700073,10,1,0.03976
16.94683446,51.81038804,228.2200012,10,1,0.04391
16.77517266,51.66625494,228.4600067,10,1,0.0471
16.59397409,51.51103467,228.7200012,10,1,0.04947
16.29833432,51.23385557,229.6300049,10,1,0.05106
16.14574605,51.07863525,230.1300049,10,1,0.05178
15.97408425,50.91232778,230.6000061,10,1,0.05148
15.81195922,50.76819465,230.8899994,10,1,0.04997
15.64983418,50.64623588,231.0500031,10,1,0.04717
15.44956208,50.50210281,231.1699982,10,1,0.04323
15.25882675,50.3690569,231.3399963,10,1,0.03848
14.93457668,50.12513935,231.7299957,10,1,0.03338
14.76291488,49.98100622,232.0099945,10,1,0.02845
14.60078984,49.85904743,232.3600006,10,1,0.02416
14.29561331,49.6373042,232.9600067,10,1,0.0209
14.12395151,49.51534543,233.2400055,10,1,0.01897
13.82831174,49.31577654,233.8300018,10,1,0.01858
13.65664994,49.19381775,234.1300049,10,1,0.01988
13.3514734,48.99424886,234.7400055,10,1,0.02294
13.0653704,48.79467994,235.5299988,10,1,0.02773
12.79834093,48.5840238,236.7299957,10,1,0.03414
12.54084823,48.38445482,237.9600067,10,1,0.04194
12.28335553,48.21814739,239.1399994,10,1,0.05079
12.01632606,48.05183996,240.4499969,10,1,0.06021
11.75883336,47.87444533,242.0099945,10,1,0.06965
11.51087743,47.69705069,243.6900024,10,1,0.07851
11.25338472,47.56400478,245.1600037,10,1,0.08628
10.98635526,47.44204605,246.3500061,10,1,0.09257
10.70978902,47.34226169,247.5,10,1,0.09721
10.47136985,47.24247729,248.7700043,10,1,0.10029
10.21387715,47.13160572,250.25,10,1,0.10208
9.975457985,47.03182131,251.8000031,10,1,0.10297
9.717965285,46.95421127,253.3399963,10,1,0.10335
9.479546118,46.88768839,254.7899933,10,1,0.10351
9.212516649,46.81007835,256.5799866,10,1,0.10361
8.964560713,46.74355547,258.2000122,10,1,0.10367
8.707068013,46.68811977,259.8900146,10,1,0.10363
8.44957531,46.63268407,261.4200134,10,1,0.1034
8.19208261,46.58833554,263.25,10,1,0.10297
7.934589907,46.54398701,264.8399963,10,1,0.1024
7.66756044,46.52181284,266.4100037,10,1,0.10187
7.410067739,46.51072585,267.8599854,10,1,0.1016
7.14303827,46.49963885,269.6799927,10,1,0.10181
6.88554557,46.48855184,271.4400024,10,1,0.10263
6.637589634,46.49963918,273,10,1,0.10399
6.380096934,46.49963934,274.4299927,10,1,0.1056
6.141677765,46.49963948,276.1400146,10,1,0.10697
5.912795362,46.51072679,277.6799927,10,1,0.10753
5.693449728,46.53290127,279,10,1,0.10679
5.483640862,46.56616293,280.1499939,10,1,0.10457
5.273831992,46.59942459,281.0899963,10,1,0.10107
5.073559892,46.64377341,281.8999939,10,1,0.09678
4.873287792,46.68812224,282.8099976,10,1,0.09238
4.596721559,46.73247109,284.5100098,10,1,0.08845
4.320155323,46.78790712,285.9599915,10,1,0.08535
4.072199389,46.86551749,286.9500122,10,1,0.08315
3.83378022,46.93204068,287.8900146,10,1,0.08162
3.633508117,46.98747666,288.75,10,1,0.08036
3.433236019,47.04291264,289.519989,10,1,0.07886
3.242500684,47.13161016,289.9100037,10,1,0.07666
3.004081517,47.19813332,290.9299927,10,1,0.0735
2.803809414,47.28683084,291.3999939,10,1,0.06935
2.555853481,47.37552836,292.3399963,10,1,0.06443
2.365118145,47.46422586,292.75,10,1,0.05909
2.155309278,47.55292337,293.1499939,10,1,0.05372
1.935963642,47.65270805,293.769989,10,1,0.04864
1.688007708,47.76357992,294.5100098,10,1,0.04406
1.401904708,47.89662615,295.4700012,10,1,0.04009
1.173022307,48.01858518,296.0400085,10,1,0.03673
0.944139905,48.14054421,296.5599976,10,1,0.03396
0.658036902,48.2846776,297.3399963,10,1,0.03174
0.362397133,48.4177238,298.3299866,10,1,0.03004
0.066757366,48.56185718,299.5599976,10,1,0.02884
-0.238419168,48.7392521,300.4299927,10,1,0.02812
-0.55313247,48.94990855,300.8999939,10,1,0.02784
-0.877382539,49.14947781,301.5299988,10,1,0.0279
-1.230242908,49.34904706,302.5100098,10,1,0.02818
-1.411441475,49.44883168,302.9599915,10,1,0.02849
-1.602176809,49.55970347,303.5299988,10,1,0.02861
-1.783375376,49.67057527,303.9899902,10,1,0.02838
-1.983647478,49.79253424,304.3999939,10,1,0.02776
-2.317434312,50.025365,304.980011,10,1,0.02681
-2.498632878,50.14732397,305.1700134,10,1,0.02572
-2.679831448,50.28037011,305.3399963,10,1,0.0247
-3.051765351,50.53537521,305.75,10,1,0.02393
-3.252037451,50.65733415,306.0100098,10,1,0.02348
-3.461846318,50.80146746,306.2799988,10,1,0.02326
-3.633508117,50.92342641,306.5499878,10,1,0.02304
-3.824243454,51.05647253,306.7900085,10,1,0.02251
-4.014978787,51.20060583,306.980011,10,1,0.02135
-4.224787657,51.3558263,307.1499939,10,1,0.01939
-4.38691269,51.47778524,307.3099976,10,1,0.01665
-4.577648023,51.62191853,307.480011,10,1,0.01345
-4.768383359,51.75496464,307.6400146,10,1,0.01028
-4.96865546,51.92127228,307.7399902,10,1,0.00764
-5.140317262,52.05431839,307.7799988,10,1,0.00594
-5.321515829,52.20953886,307.8299866,10,1,0.00533
-5.540861462,52.37584648,307.9100037,10,1,0.00568
-5.760207096,52.51997973,308.1499939,10,1,0.00672
-5.970015966,52.67520017,308.3800049,10,1,0.00805
-6.217971901,52.85259495,308.6600037,10,1,0.00931
-6.494538135,53.06325125,308.8200073,10,1,0.0102
-6.761567602,53.26282036,308.9700012,10,1,0.01053
-6.999986771,53.45130231,308.980011,10,1,0.01021
-7.257479471,53.6619586,308.9400024,10,1,0.00925
-7.543582471,53.89478923,308.8299866,10,1,0.00772
-7.791538407,54.10544552,308.6600037,10,1,0.00576
-8.029957577,54.29392745,308.5299988,10,1,0.00355
-8.268376744,54.49349655,308.4700012,10,1,0.0013
-8.497259143,54.67089128,308.4400024,10,1,-0.00079
-8.726141546,54.8593732,308.480011,10,1,-0.00252
-8.955023949,55.04785511,308.5700073,10,1,-0.00376
-9.193443115,55.23633701,308.7200012,10,1,-0.00442
-9.431862283,55.4248189,308.9200134,10,1,-0.00445
-9.660744685,55.60221361,309.1300049,10,1,-0.00386
-9.870553552,55.76852116,309.3099976,10,1,-0.00269
-10.11850949,55.95700302,309.4400024,10,1,-0.00101
-10.33785512,56.13439773,309.5899963,10,1,0.00106
-10.55720075,56.30070525,309.6900024,10,1,0.00338
-10.75747286,56.46701279,309.8200073,10,1,0.00576
-10.95774496,56.61114595,310.019989,10,1,0.00801
-11.15801706,56.7663663,310.2099915,10,1,0.00994
-11.35828916,56.92158664,310.4400024,10,1,0.01142
-11.54902449,57.08789417,310.5899963,10,1,0.01243
-11.74929659,57.24311451,310.75,10,1,0.01304
-11.94956869,57.40942202,310.8099976,10,1,0.01342
-12.14030403,57.56464236,310.7999878,10,1,0.01374
-12.3215026,57.73094989,310.7600098,10,1,0.0141
-12.50270117,57.89725741,310.7799988,10,1,0.0145
-12.70297327,58.04139055,310.9299927,10,1,0.01481
-12.8937086,58.19661087,311.1000061,10,1,0.01479
-13.0939807,58.35183118,311.2900085,10,1,0.01418
-13.28471604,58.51813868,311.3800049,10,1,0.01282
-13.47545137,58.68444618,311.3999939,10,1,0.01066
-13.67572347,58.87292802,311.3399963,10,1,0.00787
-13.86645881,59.05032269,311.269989,10,1,0.00476
-14.03812061,59.21663021,311.1600037,10,1,0.00175
-14.22885594,59.38293769,311.0499878,10,1,-0.00079
-14.43866481,59.57141951,310.9599915,10,1,-0.00257
-14.62940014,59.73772698,310.8399963,10,1,-0.00352
-14.81059871,59.89294729,310.8099976,10,1,-0.00376
-15.01087081,60.05925474,310.8200073,10,1,-0.00359
-15.23975321,60.24773652,310.8599854,10,1,-0.00337
-15.44002531,60.41404397,310.8800049,10,1,-0.0034
-15.62122388,60.56926426,310.8299866,10,1,-0.00388
-15.84056952,60.76883322,310.7600098,10,1,-0.00481
-16.04084162,60.95731502,310.6799927,10,1,-0.00601
-16.24111372,61.14579681,310.6700134,10,1,-0.00722
-16.43184905,61.30101708,310.7399902,10,1,-0.0081
-16.66073146,61.50058601,310.7799988,10,1,-0.00837
-16.88007709,61.67798058,310.730011,10,1,-0.00787
-17.09942272,61.85537515,310.5899963,10,1,-0.00657
-17.29015806,62.02168257,310.5,10,1,-0.00459
-17.52857723,62.22125147,310.5700073,10,1,-0.00219
-17.74792286,62.39864602,310.8500061,10,1,0.00031
-17.96726849,62.57604058,311.1400146,10,1,0.00261
-18.1675406,62.73126079,311.3900146,10,1,0.00444
-18.396423,62.9197425,311.5499878,10,1,0.0057
-18.60623186,63.09713705,311.6499939,10,1,0.0064
-18.78743043,63.25235729,311.7099915,10,1,0.00668
-19.01631283,63.46301335,311.6000061,10,1,0.00677
-19.21658493,63.65149509,311.3900146,10,1,0.00682
-19.41685703,63.82888965,311.230011,10,1,0.00693
-19.6266659,64.00628418,311.0799866,10,1,0.00703
-19.84601154,64.17259151,311.1099854,10,1,0.00693
-20.06535717,64.33889883,311.3399963,10,1,0.00638
-20.27516604,64.50520617,311.519989,10,1,0.0052
-20.46590137,64.69368791,311.4700012,10,1,0.00337
-20.65663671,64.88216964,311.3399963,10,1,0.00106
-20.83783528,65.07065139,311,10,1,-0.00135
-21.04764414,65.2480459,310.6300049,10,1,-0.00339
-21.24791625,65.42544042,310.3299866,10,1,-0.00468
-21.44818835,65.60283494,310.0899963,10,1,-0.00499
-21.64846045,65.76914227,309.9899902,10,1,-0.00441
-21.84873255,65.9354496,309.980011,10,1,-0.00327
-22.05854142,66.1017569,309.9599915,10,1,-0.00206
-22.27788705,66.27915136,309.9400024,10,1,-0.00126
-22.48769592,66.45654584,309.8999939,10,1,-0.00117
-22.72611508,66.6672018,309.8699951,10,1,-0.00186
-22.92638719,66.83350911,309.8999939,10,1,-0.00308
-23.12665929,67.03307796,309.8200073,10,1,-0.00437
-23.33646816,67.23264679,309.6700134,10,1,-0.00519
-23.52720349,67.42112847,309.6000061,10,1,-0.00509
-23.71793882,67.5763486,309.6400146,10,1,-0.00384
-23.94682123,67.75374301,309.9899902,10,1,-0.00152
-24.20431393,67.94222453,310.5599976,10,1,0.0015
-24.43319633,68.11961892,311.1099854,10,1,0.00472
-24.63346843,68.27483902,311.3699951,10,1,0.00758
-24.85281406,68.45223343,311.5599976,10,1,0.00966
-25.08169647,68.67397654,311.6099854,10,1,0.01078
-25.29150533,68.87354533,311.6400146,10,1,0.01098
-25.48224067,69.05093979,311.769989,10,1,0.01054
-25.72065984,69.26159569,312,10,1,0.00983
-25.92093194,69.43899012,312.1499939,10,1,0.00925
-26.12120404,69.61638455,312.2799988,10,1,0.00911
-26.3024026,69.77160466,312.5299988,10,1,0.00953
-26.50267471,69.9379119,312.7900085,10,1,0.01047
-26.72202034,70.12639345,313.1099854,10,1,0.01171
-26.92229244,70.31487505,313.4899902,10,1,0.01295
-27.09395424,70.48118235,313.7999878,10,1,0.01394
-27.31329988,70.68075108,314.1000061,10,1,0.01448
-27.51357198,70.85814548,314.2900085,10,1,0.01451
-27.71384408,71.03553988,314.3500061,10,1,0.01408
-27.87596911,71.19076001,314.3599854,10,1,0.01331
-28.06670445,71.3903288,314.4299927,10,1,0.01231
-28.23836625,71.57881045,314.7000122,10,1,0.01113
-28.41956482,71.75620489,315.0499878,10,1,0.00975
-28.62937368,71.93359924,315.3900146,10,1,0.00806
-28.79149872,72.07773218,315.6300049,10,1,0.00599
-28.98223405,72.2440394,315.8500061,10,1,0.00351
-29.16343262,72.43252101,315.8200073,10,1,0.00077
-29.36370472,72.64317692,315.7099915,10,1,-0.00193
-29.52582976,72.8205714,315.4899902,10,1,-0.00418
-29.69749156,73.00905302,315.2600098,10,1,-0.00557
-29.88822689,73.20862177,315,10,1,-0.00585
-30.06942546,73.374929,314.8299866,10,1,-0.00503
-30.22201373,73.50797476,314.7600098,10,1,-0.00344
-30.40321229,73.65210761,314.769989,10,1,-0.00171
-30.61302116,73.80732757,314.8500061,10,1,-0.00053
-30.77514619,73.96254766,314.8699951,10,1,-0.0005
-30.94680799,74.13994208,314.6499939,10,1,-0.0019
-31.12800656,74.35059802,314.0599976,10,1,-0.00459
-31.27105807,74.52799252,313.3500061,10,1,-0.00805
-31.41410957,74.67212547,313.0299988,10,1,-0.01157
-31.56669783,74.8162584,312.7900085,10,1,-0.01445
-31.7478964,74.97147841,312.75,10,1,-0.01628
-31.9195582,75.11561127,312.9100037,10,1,-0.01701
-32.09122,75.24865695,313.0799866,10,1,-0.01687
-32.2628818,75.3927898,313.1000061,10,1,-0.01624
-32.4345436,75.5701842,312.9100037,10,1,-0.01546
-32.59666864,75.73649144,312.5100098,10,1,-0.01474
-32.88277164,76.03584449,311.4599915,10,1,-0.01418
-33.05443344,76.17997733,311.1300049,10,1,-0.0138
-33.22609524,76.31302299,310.9200134,10,1,-0.01364
-33.57895561,76.59020144,310.8099976,10,1,-0.01377
-33.75061741,76.73433427,310.5899963,10,1,-0.0143
-33.91274244,76.88955431,310.3099976,10,1,-0.01535
-34.24652928,77.18890717,309.769989,10,1,-0.01698
-34.41819108,77.33303999,309.6199951,10,1,-0.01911
-34.59938965,77.47717278,309.4899902,10,1,-0.02152
-34.94271325,77.7654384,308.9700012,10,1,-0.02383
-35.10483828,77.92065842,308.4400024,10,1,-0.02554
-35.27650008,78.07587841,307.9200134,10,1,-0.02618
-35.43862512,78.19783688,307.5700073,10,1,-0.02547
-35.63889722,78.3308824,307.2399902,10,1,-0.02349
-35.82963256,78.45284077,307.0400085,10,1,-0.02077
-36.02036789,78.58588631,306.8099976,10,1,-0.01815
-36.21110322,78.71893185,306.5899963,10,1,-0.01653
-36.40183856,78.86306458,306.3299866,10,1,-0.01658
-36.57350036,79.00719736,306.0100098,10,1,-0.01852
-36.74516216,79.16241732,305.6799927,10,1,-0.022
-36.92636073,79.30655007,305.3200073,10,1,-0.02627
-37.11709606,79.45068278,305.019989,10,1,-0.03035
-37.29829463,79.57264115,304.75,10,1,-0.03331
-37.5081035,79.71677379,304.5700073,10,1,-0.03449
-37.6797653,79.827645,304.4100037,10,1,-0.03365
-37.86096386,79.96069055,304.230011,10,1,-0.03098
-38.0516992,80.08264888,303.980011,10,1,-0.02695
-38.2519713,80.21569435,303.6300049,10,1,-0.02218
-38.5952949,80.43743676,303.1600037,10,1,-0.0173
-38.7669567,80.54830796,303.1000061,10,1,-0.01283
-38.97676557,80.65917902,303.1900024,10,1,-0.00915
-39.32962594,80.83657264,303.4100037,10,1,-0.00645
-39.50128774,80.95853101,303.3500061,10,1,-0.00478
-39.67294954,81.09157656,303.1300049,10,1,-0.00402
-39.97812608,81.31331907,302.6700134,10,1,-0.00398
-40.14978788,81.42419024,302.5899963,10,1,-0.00442
-40.44542765,81.57940968,302.8299866,10,1,-0.0051
-40.75060418,81.74571625,303,10,1,-0.00581
-41.00809688,81.92311018,302.6900024,10,1,-0.0064
-41.26558958,82.11159128,302.1400146,10,1,-0.00676
-41.50400875,82.24463655,301.9200134,10,1,-0.00676
-41.72335439,82.35550751,302.0299988,10,1,-0.00653
-41.90455295,82.46637862,302.1799927,10,1,0
-42.08575152,82.58833691,302.230011,10,1,0
-42.25741332,82.69920806,302.2999878,10,1,0
-42.47675896,82.81007901,302.2999878,10,1,0
-42.64842076,82.92095015,301.8599854,10,1,0
